ts,old_daily_trend,new_daily_trend,new_source,new_n_closed_sessions,agree
2025-07-01T00:00:00+00:00,long,unknown,unknown_no_monotonic,6,False
2025-07-01T06:00:00+00:00,long,unknown,unknown_no_monotonic,6,False
2025-07-01T12:00:00+00:00,long,unknown,unknown_no_monotonic,6,False
2025-07-01T18:00:00+00:00,long,unknown,unknown_no_monotonic,6,False
2025-07-02T00:00:00+00:00,long,long,m30_resample_closed,7,True
2025-07-02T06:00:00+00:00,short,long,m30_resample_closed,7,False
2025-07-02T12:00:00+00:00,short,long,m30_resample_closed,7,False
2025-07-02T18:00:00+00:00,long,long,m30_resample_closed,7,True
2025-07-03T00:00:00+00:00,long,long,m30_resample_closed,8,True
2025-07-03T06:00:00+00:00,short,long,m30_resample_closed,8,False
2025-07-03T12:00:00+00:00,short,long,m30_resample_closed,8,False
2025-07-03T18:00:00+00:00,short,long,m30_resample_closed,8,False
2025-07-04T00:00:00+00:00,long,unknown,unknown_no_monotonic,9,False
2025-07-04T06:00:00+00:00,long,unknown,unknown_no_monotonic,9,False
2025-07-04T12:00:00+00:00,long,unknown,unknown_no_monotonic,9,False
2025-07-04T18:00:00+00:00,long,unknown,unknown_no_monotonic,9,False
2025-07-05T00:00:00+00:00,long,unknown,unknown_no_monotonic,10,False
2025-07-05T06:00:00+00:00,long,unknown,unknown_no_monotonic,10,False
2025-07-05T12:00:00+00:00,long,unknown,unknown_no_monotonic,10,False
2025-07-05T18:00:00+00:00,long,unknown,unknown_no_monotonic,10,False
2025-07-06T00:00:00+00:00,long,unknown,unknown_no_monotonic,10,False
2025-07-06T06:00:00+00:00,long,unknown,unknown_no_monotonic,10,False
2025-07-06T12:00:00+00:00,long,unknown,unknown_no_monotonic,10,False
2025-07-06T18:00:00+00:00,long,unknown,unknown_no_monotonic,10,False
2025-07-07T00:00:00+00:00,long,unknown,unknown_no_monotonic,10,False
2025-07-07T06:00:00+00:00,short,unknown,unknown_no_monotonic,10,False
2025-07-07T12:00:00+00:00,short,unknown,unknown_no_monotonic,10,False
2025-07-07T18:00:00+00:00,short,unknown,unknown_no_monotonic,10,False
2025-07-08T00:00:00+00:00,long,unknown,unknown_no_monotonic,11,False
2025-07-08T06:00:00+00:00,long,unknown,unknown_no_monotonic,11,False
2025-07-08T12:00:00+00:00,long,unknown,unknown_no_monotonic,11,False
2025-07-08T18:00:00+00:00,short,unknown,unknown_no_monotonic,11,False
2025-07-09T00:00:00+00:00,long,short,m30_resample_closed,12,False
2025-07-09T06:00:00+00:00,short,short,m30_resample_closed,12,True
2025-07-09T12:00:00+00:00,short,short,m30_resample_closed,12,True
2025-07-09T18:00:00+00:00,long,short,m30_resample_closed,12,False
2025-07-10T00:00:00+00:00,long,unknown,unknown_no_monotonic,13,False
2025-07-10T06:00:00+00:00,long,unknown,unknown_no_monotonic,13,False
2025-07-10T12:00:00+00:00,long,unknown,unknown_no_monotonic,13,False
2025-07-10T18:00:00+00:00,long,unknown,unknown_no_monotonic,13,False
2025-07-11T00:00:00+00:00,long,long,m30_resample_closed,14,True
2025-07-11T06:00:00+00:00,long,long,m30_resample_closed,14,True
2025-07-11T12:00:00+00:00,long,long,m30_resample_closed,14,True
2025-07-11T18:00:00+00:00,long,long,m30_resample_closed,14,True
2025-07-12T00:00:00+00:00,long,long,m30_resample_closed,15,True
2025-07-12T06:00:00+00:00,long,long,m30_resample_closed,15,True
2025-07-12T12:00:00+00:00,long,long,m30_resample_closed,15,True
2025-07-12T18:00:00+00:00,long,long,m30_resample_closed,15,True
2025-07-13T00:00:00+00:00,long,long,m30_resample_closed,15,True
2025-07-13T06:00:00+00:00,long,long,m30_resample_closed,15,True
2025-07-13T12:00:00+00:00,long,long,m30_resample_closed,15,True
2025-07-13T18:00:00+00:00,long,long,m30_resample_closed,15,True
2025-07-14T00:00:00+00:00,long,long,m30_resample_closed,15,True
2025-07-14T06:00:00+00:00,long,long,m30_resample_closed,15,True
2025-07-14T12:00:00+00:00,long,long,m30_resample_closed,15,True
2025-07-14T18:00:00+00:00,short,long,m30_resample_closed,15,False
2025-07-15T00:00:00+00:00,long,long,m30_resample_closed,16,True
2025-07-15T06:00:00+00:00,long,long,m30_resample_closed,16,True
2025-07-15T12:00:00+00:00,long,long,m30_resample_closed,16,True
2025-07-15T18:00:00+00:00,long,long,m30_resample_closed,16,True
2025-07-16T00:00:00+00:00,long,unknown,unknown_no_monotonic,17,False
2025-07-16T06:00:00+00:00,long,unknown,unknown_no_monotonic,17,False
2025-07-16T12:00:00+00:00,long,unknown,unknown_no_monotonic,17,False
2025-07-16T18:00:00+00:00,long,unknown,unknown_no_monotonic,17,False
2025-07-17T00:00:00+00:00,long,unknown,unknown_no_monotonic,18,False
2025-07-17T06:00:00+00:00,long,unknown,unknown_no_monotonic,18,False
2025-07-17T12:00:00+00:00,long,unknown,unknown_no_monotonic,18,False
2025-07-17T18:00:00+00:00,short,unknown,unknown_no_monotonic,18,False
2025-07-18T00:00:00+00:00,long,unknown,unknown_no_monotonic,19,False
2025-07-18T06:00:00+00:00,short,unknown,unknown_no_monotonic,19,False
2025-07-18T12:00:00+00:00,short,unknown,unknown_no_monotonic,19,False
2025-07-18T18:00:00+00:00,long,unknown,unknown_no_monotonic,19,False
2025-07-19T00:00:00+00:00,long,unknown,unknown_no_monotonic,20,False
2025-07-19T06:00:00+00:00,long,unknown,unknown_no_monotonic,20,False
2025-07-19T12:00:00+00:00,long,unknown,unknown_no_monotonic,20,False
2025-07-19T18:00:00+00:00,long,unknown,unknown_no_monotonic,20,False
2025-07-20T00:00:00+00:00,long,unknown,unknown_no_monotonic,20,False
2025-07-20T06:00:00+00:00,long,unknown,unknown_no_monotonic,20,False
2025-07-20T12:00:00+00:00,long,unknown,unknown_no_monotonic,20,False
2025-07-20T18:00:00+00:00,long,unknown,unknown_no_monotonic,20,False
2025-07-21T00:00:00+00:00,short,unknown,unknown_no_monotonic,20,False
2025-07-21T06:00:00+00:00,short,unknown,unknown_no_monotonic,20,False
2025-07-21T12:00:00+00:00,long,unknown,unknown_no_monotonic,20,False
2025-07-21T18:00:00+00:00,long,unknown,unknown_no_monotonic,20,False
2025-07-22T00:00:00+00:00,long,long,m30_resample_closed,21,True
2025-07-22T06:00:00+00:00,short,long,m30_resample_closed,21,False
2025-07-22T12:00:00+00:00,short,long,m30_resample_closed,21,False
2025-07-22T18:00:00+00:00,short,long,m30_resample_closed,21,False
2025-07-23T00:00:00+00:00,long,long,m30_resample_closed,22,True
2025-07-23T06:00:00+00:00,short,long,m30_resample_closed,22,False
2025-07-23T12:00:00+00:00,short,long,m30_resample_closed,22,False
2025-07-23T18:00:00+00:00,short,long,m30_resample_closed,22,False
2025-07-24T00:00:00+00:00,long,long,m30_resample_closed,23,True
2025-07-24T06:00:00+00:00,short,long,m30_resample_closed,23,False
2025-07-24T12:00:00+00:00,short,long,m30_resample_closed,23,False
2025-07-24T18:00:00+00:00,short,long,m30_resample_closed,23,False
2025-07-25T00:00:00+00:00,long,unknown,unknown_no_monotonic,24,False
2025-07-25T06:00:00+00:00,long,unknown,unknown_no_monotonic,24,False
2025-07-25T12:00:00+00:00,short,unknown,unknown_no_monotonic,24,False
2025-07-25T18:00:00+00:00,short,unknown,unknown_no_monotonic,24,False
2025-07-26T00:00:00+00:00,short,short,m30_resample_closed,25,True
2025-07-26T06:00:00+00:00,short,short,m30_resample_closed,25,True
2025-07-26T12:00:00+00:00,short,short,m30_resample_closed,25,True
2025-07-26T18:00:00+00:00,short,short,m30_resample_closed,25,True
2025-07-27T00:00:00+00:00,short,short,m30_resample_closed,25,True
2025-07-27T06:00:00+00:00,short,short,m30_resample_closed,25,True
2025-07-27T12:00:00+00:00,short,short,m30_resample_closed,25,True
2025-07-27T18:00:00+00:00,short,short,m30_resample_closed,25,True
2025-07-28T00:00:00+00:00,long,short,m30_resample_closed,25,False
2025-07-28T06:00:00+00:00,long,short,m30_resample_closed,25,False
2025-07-28T12:00:00+00:00,short,short,m30_resample_closed,25,True
2025-07-28T18:00:00+00:00,short,short,m30_resample_closed,25,True
2025-07-29T00:00:00+00:00,long,short,m30_resample_closed,26,False
2025-07-29T06:00:00+00:00,long,short,m30_resample_closed,26,False
2025-07-29T12:00:00+00:00,long,short,m30_resample_closed,26,False
2025-07-29T18:00:00+00:00,long,short,m30_resample_closed,26,False
2025-07-30T00:00:00+00:00,long,unknown,unknown_no_monotonic,27,False
2025-07-30T06:00:00+00:00,long,unknown,unknown_no_monotonic,27,False
2025-07-30T12:00:00+00:00,long,unknown,unknown_no_monotonic,27,False
2025-07-30T18:00:00+00:00,long,unknown,unknown_no_monotonic,27,False
2025-07-31T00:00:00+00:00,long,long,m30_resample_closed,28,True
2025-07-31T06:00:00+00:00,long,long,m30_resample_closed,28,True
2025-07-31T12:00:00+00:00,long,long,m30_resample_closed,28,True
2025-07-31T18:00:00+00:00,long,long,m30_resample_closed,28,True
2025-08-01T00:00:00+00:00,long,unknown,unknown_no_monotonic,29,False
2025-08-01T06:00:00+00:00,short,unknown,unknown_no_monotonic,29,False
2025-08-01T12:00:00+00:00,long,unknown,unknown_no_monotonic,29,False
2025-08-01T18:00:00+00:00,long,unknown,unknown_no_monotonic,29,False
2025-08-02T00:00:00+00:00,long,unknown,unknown_no_monotonic,30,False
2025-08-02T06:00:00+00:00,long,unknown,unknown_no_monotonic,30,False
2025-08-02T12:00:00+00:00,long,unknown,unknown_no_monotonic,30,False
2025-08-02T18:00:00+00:00,long,unknown,unknown_no_monotonic,30,False
2025-08-03T00:00:00+00:00,long,unknown,unknown_no_monotonic,30,False
2025-08-03T06:00:00+00:00,long,unknown,unknown_no_monotonic,30,False
2025-08-03T12:00:00+00:00,long,unknown,unknown_no_monotonic,30,False
2025-08-03T18:00:00+00:00,long,unknown,unknown_no_monotonic,30,False
2025-08-04T00:00:00+00:00,long,unknown,unknown_no_monotonic,30,False
2025-08-04T06:00:00+00:00,long,unknown,unknown_no_monotonic,30,False
2025-08-04T12:00:00+00:00,long,unknown,unknown_no_monotonic,30,False
2025-08-04T18:00:00+00:00,long,unknown,unknown_no_monotonic,30,False
2025-08-05T00:00:00+00:00,long,long,m30_resample_closed,31,True
2025-08-05T06:00:00+00:00,long,long,m30_resample_closed,31,True
2025-08-05T12:00:00+00:00,long,long,m30_resample_closed,31,True
2025-08-05T18:00:00+00:00,long,long,m30_resample_closed,31,True
2025-08-06T00:00:00+00:00,long,long,m30_resample_closed,32,True
2025-08-06T06:00:00+00:00,short,long,m30_resample_closed,32,False
2025-08-06T12:00:00+00:00,short,long,m30_resample_closed,32,False
2025-08-06T18:00:00+00:00,long,long,m30_resample_closed,32,True
2025-08-07T00:00:00+00:00,short,unknown,unknown_no_monotonic,33,False
2025-08-07T06:00:00+00:00,long,unknown,unknown_no_monotonic,33,False
2025-08-07T12:00:00+00:00,long,unknown,unknown_no_monotonic,33,False
2025-08-07T18:00:00+00:00,long,unknown,unknown_no_monotonic,33,False
2025-08-08T00:00:00+00:00,long,unknown,unknown_no_monotonic,34,False
2025-08-08T06:00:00+00:00,long,unknown,unknown_no_monotonic,34,False
2025-08-08T12:00:00+00:00,long,unknown,unknown_no_monotonic,34,False
2025-08-08T18:00:00+00:00,long,unknown,unknown_no_monotonic,34,False
2025-08-09T00:00:00+00:00,long,long,m30_resample_closed,35,True
2025-08-09T06:00:00+00:00,long,long,m30_resample_closed,35,True
2025-08-09T12:00:00+00:00,long,long,m30_resample_closed,35,True
2025-08-09T18:00:00+00:00,long,long,m30_resample_closed,35,True
2025-08-10T00:00:00+00:00,long,long,m30_resample_closed,35,True
2025-08-10T06:00:00+00:00,long,long,m30_resample_closed,35,True
2025-08-10T12:00:00+00:00,long,long,m30_resample_closed,35,True
2025-08-10T18:00:00+00:00,long,long,m30_resample_closed,35,True
2025-08-11T00:00:00+00:00,long,long,m30_resample_closed,35,True
2025-08-11T06:00:00+00:00,short,long,m30_resample_closed,35,False
2025-08-11T12:00:00+00:00,short,long,m30_resample_closed,35,False
2025-08-11T18:00:00+00:00,short,long,m30_resample_closed,35,False
2025-08-12T00:00:00+00:00,long,unknown,unknown_no_monotonic,36,False
2025-08-12T06:00:00+00:00,long,unknown,unknown_no_monotonic,36,False
2025-08-12T12:00:00+00:00,short,unknown,unknown_no_monotonic,36,False
2025-08-12T18:00:00+00:00,short,unknown,unknown_no_monotonic,36,False
2025-08-13T00:00:00+00:00,long,short,m30_resample_closed,37,False
2025-08-13T06:00:00+00:00,short,short,m30_resample_closed,37,True
2025-08-13T12:00:00+00:00,short,short,m30_resample_closed,37,True
2025-08-13T18:00:00+00:00,long,short,m30_resample_closed,37,False
2025-08-14T00:00:00+00:00,long,short,m30_resample_closed,38,False
2025-08-14T06:00:00+00:00,long,short,m30_resample_closed,38,False
2025-08-14T12:00:00+00:00,long,short,m30_resample_closed,38,False
2025-08-14T18:00:00+00:00,short,short,m30_resample_closed,38,True
2025-08-15T00:00:00+00:00,short,short,m30_resample_closed,39,True
2025-08-15T06:00:00+00:00,short,short,m30_resample_closed,39,True
2025-08-15T12:00:00+00:00,short,short,m30_resample_closed,39,True
2025-08-15T18:00:00+00:00,short,short,m30_resample_closed,39,True
2025-08-16T00:00:00+00:00,short,short,m30_resample_closed,40,True
2025-08-16T06:00:00+00:00,short,short,m30_resample_closed,40,True
2025-08-16T12:00:00+00:00,short,short,m30_resample_closed,40,True
2025-08-16T18:00:00+00:00,short,short,m30_resample_closed,40,True
2025-08-17T00:00:00+00:00,short,short,m30_resample_closed,40,True
2025-08-17T06:00:00+00:00,short,short,m30_resample_closed,40,True
2025-08-17T12:00:00+00:00,short,short,m30_resample_closed,40,True
2025-08-17T18:00:00+00:00,short,short,m30_resample_closed,40,True
2025-08-18T00:00:00+00:00,long,short,m30_resample_closed,40,False
2025-08-18T06:00:00+00:00,long,short,m30_resample_closed,40,False
2025-08-18T12:00:00+00:00,long,short,m30_resample_closed,40,False
2025-08-18T18:00:00+00:00,short,short,m30_resample_closed,40,True
2025-08-19T00:00:00+00:00,long,short,m30_resample_closed,41,False
2025-08-19T06:00:00+00:00,long,short,m30_resample_closed,41,False
2025-08-19T12:00:00+00:00,long,short,m30_resample_closed,41,False
2025-08-19T18:00:00+00:00,long,short,m30_resample_closed,41,False
2025-08-20T00:00:00+00:00,long,unknown,unknown_no_monotonic,42,False
2025-08-20T06:00:00+00:00,long,unknown,unknown_no_monotonic,42,False
2025-08-20T12:00:00+00:00,long,unknown,unknown_no_monotonic,42,False
2025-08-20T18:00:00+00:00,long,unknown,unknown_no_monotonic,42,False
2025-08-21T00:00:00+00:00,long,long,m30_resample_closed,43,True
2025-08-21T06:00:00+00:00,long,long,m30_resample_closed,43,True
2025-08-21T12:00:00+00:00,short,long,m30_resample_closed,43,False
2025-08-21T18:00:00+00:00,short,long,m30_resample_closed,43,False
2025-08-22T00:00:00+00:00,short,unknown,unknown_no_monotonic,44,False
2025-08-22T06:00:00+00:00,short,unknown,unknown_no_monotonic,44,False
2025-08-22T12:00:00+00:00,short,unknown,unknown_no_monotonic,44,False
2025-08-22T18:00:00+00:00,long,unknown,unknown_no_monotonic,44,False
2025-08-23T00:00:00+00:00,long,unknown,unknown_no_monotonic,45,False
2025-08-23T06:00:00+00:00,long,unknown,unknown_no_monotonic,45,False
2025-08-23T12:00:00+00:00,long,unknown,unknown_no_monotonic,45,False
2025-08-23T18:00:00+00:00,long,unknown,unknown_no_monotonic,45,False
2025-08-24T00:00:00+00:00,long,unknown,unknown_no_monotonic,45,False
2025-08-24T06:00:00+00:00,long,unknown,unknown_no_monotonic,45,False
2025-08-24T12:00:00+00:00,long,unknown,unknown_no_monotonic,45,False
2025-08-24T18:00:00+00:00,long,unknown,unknown_no_monotonic,45,False
2025-08-25T00:00:00+00:00,long,unknown,unknown_no_monotonic,45,False
2025-08-25T06:00:00+00:00,long,unknown,unknown_no_monotonic,45,False
2025-08-25T12:00:00+00:00,short,unknown,unknown_no_monotonic,45,False
2025-08-25T18:00:00+00:00,long,unknown,unknown_no_monotonic,45,False
2025-08-26T00:00:00+00:00,long,long,m30_resample_closed,46,True
2025-08-26T06:00:00+00:00,long,long,m30_resample_closed,46,True
2025-08-26T12:00:00+00:00,long,long,m30_resample_closed,46,True
2025-08-26T18:00:00+00:00,long,long,m30_resample_closed,46,True
2025-08-27T00:00:00+00:00,long,long,m30_resample_closed,47,True
2025-08-27T06:00:00+00:00,long,long,m30_resample_closed,47,True
2025-08-27T12:00:00+00:00,short,long,m30_resample_closed,47,False
2025-08-27T18:00:00+00:00,short,long,m30_resample_closed,47,False
2025-08-28T00:00:00+00:00,long,long,m30_resample_closed,48,True
2025-08-28T06:00:00+00:00,long,long,m30_resample_closed,48,True
2025-08-28T12:00:00+00:00,long,long,m30_resample_closed,48,True
2025-08-28T18:00:00+00:00,long,long,m30_resample_closed,48,True
2025-08-29T00:00:00+00:00,long,long,m30_resample_closed,49,True
2025-08-29T06:00:00+00:00,long,long,m30_resample_closed,49,True
2025-08-29T12:00:00+00:00,long,long,m30_resample_closed,49,True
2025-08-29T18:00:00+00:00,long,long,m30_resample_closed,49,True
2025-08-30T00:00:00+00:00,long,long,m30_resample_closed,50,True
2025-08-30T06:00:00+00:00,long,long,m30_resample_closed,50,True
2025-08-30T12:00:00+00:00,long,long,m30_resample_closed,50,True
2025-08-30T18:00:00+00:00,long,long,m30_resample_closed,50,True
2025-08-31T00:00:00+00:00,long,long,m30_resample_closed,50,True
2025-08-31T06:00:00+00:00,long,long,m30_resample_closed,50,True
2025-08-31T12:00:00+00:00,long,long,m30_resample_closed,50,True
2025-08-31T18:00:00+00:00,long,long,m30_resample_closed,50,True
2025-09-01T00:00:00+00:00,long,long,m30_resample_closed,50,True
2025-09-01T06:00:00+00:00,long,long,m30_resample_closed,50,True
2025-09-01T12:00:00+00:00,long,long,m30_resample_closed,50,True
2025-09-01T18:00:00+00:00,long,long,m30_resample_closed,50,True
2025-09-02T00:00:00+00:00,long,long,m30_resample_closed,51,True
2025-09-02T06:00:00+00:00,long,long,m30_resample_closed,51,True
2025-09-02T12:00:00+00:00,long,long,m30_resample_closed,51,True
2025-09-02T18:00:00+00:00,long,long,m30_resample_closed,51,True
2025-09-03T00:00:00+00:00,long,long,m30_resample_closed,52,True
2025-09-03T06:00:00+00:00,long,long,m30_resample_closed,52,True
2025-09-03T12:00:00+00:00,long,long,m30_resample_closed,52,True
2025-09-03T18:00:00+00:00,long,long,m30_resample_closed,52,True
2025-09-04T00:00:00+00:00,long,long,m30_resample_closed,53,True
2025-09-04T06:00:00+00:00,short,long,m30_resample_closed,53,False
2025-09-04T12:00:00+00:00,short,long,m30_resample_closed,53,False
2025-09-04T18:00:00+00:00,short,long,m30_resample_closed,53,False
2025-09-05T00:00:00+00:00,long,unknown,unknown_no_monotonic,54,False
2025-09-05T06:00:00+00:00,long,unknown,unknown_no_monotonic,54,False
2025-09-05T12:00:00+00:00,long,unknown,unknown_no_monotonic,54,False
2025-09-05T18:00:00+00:00,long,unknown,unknown_no_monotonic,54,False
2025-09-06T00:00:00+00:00,long,unknown,unknown_no_monotonic,55,False
2025-09-06T06:00:00+00:00,long,unknown,unknown_no_monotonic,55,False
2025-09-06T12:00:00+00:00,long,unknown,unknown_no_monotonic,55,False
2025-09-06T18:00:00+00:00,long,unknown,unknown_no_monotonic,55,False
2025-09-07T00:00:00+00:00,long,unknown,unknown_no_monotonic,55,False
2025-09-07T06:00:00+00:00,long,unknown,unknown_no_monotonic,55,False
2025-09-07T12:00:00+00:00,long,unknown,unknown_no_monotonic,55,False
2025-09-07T18:00:00+00:00,long,unknown,unknown_no_monotonic,55,False
2025-09-08T00:00:00+00:00,long,unknown,unknown_no_monotonic,55,False
2025-09-08T06:00:00+00:00,short,unknown,unknown_no_monotonic,55,False
2025-09-08T12:00:00+00:00,long,unknown,unknown_no_monotonic,55,False
2025-09-08T18:00:00+00:00,long,unknown,unknown_no_monotonic,55,False
2025-09-09T00:00:00+00:00,long,long,m30_resample_closed,56,True
2025-09-09T06:00:00+00:00,long,long,m30_resample_closed,56,True
2025-09-09T12:00:00+00:00,long,long,m30_resample_closed,56,True
2025-09-09T18:00:00+00:00,long,long,m30_resample_closed,56,True
2025-09-10T00:00:00+00:00,long,long,m30_resample_closed,57,True
2025-09-10T06:00:00+00:00,long,long,m30_resample_closed,57,True
2025-09-10T12:00:00+00:00,long,long,m30_resample_closed,57,True
2025-09-10T18:00:00+00:00,long,long,m30_resample_closed,57,True
2025-09-11T00:00:00+00:00,long,long,m30_resample_closed,58,True
2025-09-11T06:00:00+00:00,short,long,m30_resample_closed,58,False
2025-09-11T12:00:00+00:00,short,long,m30_resample_closed,58,False
2025-09-11T18:00:00+00:00,short,long,m30_resample_closed,58,False
2025-09-12T00:00:00+00:00,long,unknown,unknown_no_monotonic,59,False
2025-09-12T06:00:00+00:00,long,unknown,unknown_no_monotonic,59,False
2025-09-12T12:00:00+00:00,long,unknown,unknown_no_monotonic,59,False
2025-09-12T18:00:00+00:00,long,unknown,unknown_no_monotonic,59,False
2025-09-13T00:00:00+00:00,long,unknown,unknown_no_monotonic,60,False
2025-09-13T06:00:00+00:00,long,unknown,unknown_no_monotonic,60,False
2025-09-13T12:00:00+00:00,long,unknown,unknown_no_monotonic,60,False
2025-09-13T18:00:00+00:00,long,unknown,unknown_no_monotonic,60,False
2025-09-14T00:00:00+00:00,long,unknown,unknown_no_monotonic,60,False
2025-09-14T06:00:00+00:00,long,unknown,unknown_no_monotonic,60,False
2025-09-14T12:00:00+00:00,long,unknown,unknown_no_monotonic,60,False
2025-09-14T18:00:00+00:00,long,unknown,unknown_no_monotonic,60,False
2025-09-15T00:00:00+00:00,long,unknown,unknown_no_monotonic,60,False
2025-09-15T06:00:00+00:00,short,unknown,unknown_no_monotonic,60,False
2025-09-15T12:00:00+00:00,short,unknown,unknown_no_monotonic,60,False
2025-09-15T18:00:00+00:00,short,unknown,unknown_no_monotonic,60,False
2025-09-16T00:00:00+00:00,long,long,m30_resample_closed,61,True
2025-09-16T06:00:00+00:00,long,long,m30_resample_closed,61,True
2025-09-16T12:00:00+00:00,long,long,m30_resample_closed,61,True
2025-09-16T18:00:00+00:00,long,long,m30_resample_closed,61,True
2025-09-17T00:00:00+00:00,long,long,m30_resample_closed,62,True
2025-09-17T06:00:00+00:00,short,long,m30_resample_closed,62,False
2025-09-17T12:00:00+00:00,short,long,m30_resample_closed,62,False
2025-09-17T18:00:00+00:00,short,long,m30_resample_closed,62,False
2025-09-18T00:00:00+00:00,long,unknown,unknown_no_monotonic,63,False
2025-09-18T06:00:00+00:00,short,unknown,unknown_no_monotonic,63,False
2025-09-18T12:00:00+00:00,long,unknown,unknown_no_monotonic,63,False
2025-09-18T18:00:00+00:00,short,unknown,unknown_no_monotonic,63,False
2025-09-19T00:00:00+00:00,long,short,m30_resample_closed,64,False
2025-09-19T06:00:00+00:00,long,short,m30_resample_closed,64,False
2025-09-19T12:00:00+00:00,long,short,m30_resample_closed,64,False
2025-09-19T18:00:00+00:00,long,short,m30_resample_closed,64,False
2025-09-20T00:00:00+00:00,long,unknown,unknown_no_monotonic,65,False
2025-09-20T06:00:00+00:00,long,unknown,unknown_no_monotonic,65,False
2025-09-20T12:00:00+00:00,long,unknown,unknown_no_monotonic,65,False
2025-09-20T18:00:00+00:00,long,unknown,unknown_no_monotonic,65,False
2025-09-21T00:00:00+00:00,long,unknown,unknown_no_monotonic,65,False
2025-09-21T06:00:00+00:00,long,unknown,unknown_no_monotonic,65,False
2025-09-21T12:00:00+00:00,long,unknown,unknown_no_monotonic,65,False
2025-09-21T18:00:00+00:00,long,unknown,unknown_no_monotonic,65,False
2025-09-22T00:00:00+00:00,long,unknown,unknown_no_monotonic,65,False
2025-09-22T06:00:00+00:00,long,unknown,unknown_no_monotonic,65,False
2025-09-22T12:00:00+00:00,long,unknown,unknown_no_monotonic,65,False
2025-09-22T18:00:00+00:00,long,unknown,unknown_no_monotonic,65,False
2025-09-23T00:00:00+00:00,long,long,m30_resample_closed,66,True
2025-09-23T06:00:00+00:00,short,long,m30_resample_closed,66,False
2025-09-23T12:00:00+00:00,long,long,m30_resample_closed,66,True
2025-09-23T18:00:00+00:00,long,long,m30_resample_closed,66,True
2025-09-24T00:00:00+00:00,long,long,m30_resample_closed,67,True
2025-09-24T06:00:00+00:00,long,long,m30_resample_closed,67,True
2025-09-24T12:00:00+00:00,long,long,m30_resample_closed,67,True
2025-09-24T18:00:00+00:00,long,long,m30_resample_closed,67,True
2025-09-25T00:00:00+00:00,short,unknown,unknown_no_monotonic,68,False
2025-09-25T06:00:00+00:00,short,unknown,unknown_no_monotonic,68,False
2025-09-25T12:00:00+00:00,short,unknown,unknown_no_monotonic,68,False
2025-09-25T18:00:00+00:00,short,unknown,unknown_no_monotonic,68,False
2025-09-26T00:00:00+00:00,long,short,m30_resample_closed,69,False
2025-09-26T06:00:00+00:00,short,short,m30_resample_closed,69,True
2025-09-26T12:00:00+00:00,short,short,m30_resample_closed,69,True
2025-09-26T18:00:00+00:00,long,short,m30_resample_closed,69,False
2025-09-27T00:00:00+00:00,long,unknown,unknown_no_monotonic,70,False
2025-09-27T06:00:00+00:00,long,unknown,unknown_no_monotonic,70,False
2025-09-27T12:00:00+00:00,long,unknown,unknown_no_monotonic,70,False
2025-09-27T18:00:00+00:00,long,unknown,unknown_no_monotonic,70,False
2025-09-28T00:00:00+00:00,long,unknown,unknown_no_monotonic,70,False
2025-09-28T06:00:00+00:00,long,unknown,unknown_no_monotonic,70,False
2025-09-28T12:00:00+00:00,long,unknown,unknown_no_monotonic,70,False
2025-09-28T18:00:00+00:00,long,unknown,unknown_no_monotonic,70,False
2025-09-29T00:00:00+00:00,short,unknown,unknown_no_monotonic,70,False
2025-09-29T06:00:00+00:00,long,unknown,unknown_no_monotonic,70,False
2025-09-29T12:00:00+00:00,long,unknown,unknown_no_monotonic,70,False
2025-09-29T18:00:00+00:00,long,unknown,unknown_no_monotonic,70,False
2025-09-30T00:00:00+00:00,long,long,m30_resample_closed,71,True
2025-09-30T06:00:00+00:00,long,long,m30_resample_closed,71,True
2025-09-30T12:00:00+00:00,long,long,m30_resample_closed,71,True
2025-09-30T18:00:00+00:00,long,long,m30_resample_closed,71,True
2025-10-01T00:00:00+00:00,long,long,m30_resample_closed,72,True
2025-10-01T06:00:00+00:00,long,long,m30_resample_closed,72,True
2025-10-01T12:00:00+00:00,long,long,m30_resample_closed,72,True
2025-10-01T18:00:00+00:00,long,long,m30_resample_closed,72,True
2025-10-02T00:00:00+00:00,long,long,m30_resample_closed,73,True
2025-10-02T06:00:00+00:00,short,long,m30_resample_closed,73,False
2025-10-02T12:00:00+00:00,short,long,m30_resample_closed,73,False
2025-10-02T18:00:00+00:00,short,long,m30_resample_closed,73,False
2025-10-03T00:00:00+00:00,long,unknown,unknown_no_monotonic,74,False
2025-10-03T06:00:00+00:00,long,unknown,unknown_no_monotonic,74,False
2025-10-03T12:00:00+00:00,long,unknown,unknown_no_monotonic,74,False
2025-10-03T18:00:00+00:00,long,unknown,unknown_no_monotonic,74,False
2025-10-04T00:00:00+00:00,long,unknown,unknown_no_monotonic,75,False
2025-10-04T06:00:00+00:00,long,unknown,unknown_no_monotonic,75,False
2025-10-04T12:00:00+00:00,long,unknown,unknown_no_monotonic,75,False
2025-10-04T18:00:00+00:00,long,unknown,unknown_no_monotonic,75,False
2025-10-05T00:00:00+00:00,long,unknown,unknown_no_monotonic,75,False
2025-10-05T06:00:00+00:00,long,unknown,unknown_no_monotonic,75,False
2025-10-05T12:00:00+00:00,long,unknown,unknown_no_monotonic,75,False
2025-10-05T18:00:00+00:00,long,unknown,unknown_no_monotonic,75,False
2025-10-06T00:00:00+00:00,long,unknown,unknown_no_monotonic,75,False
2025-10-06T06:00:00+00:00,long,unknown,unknown_no_monotonic,75,False
2025-10-06T12:00:00+00:00,long,unknown,unknown_no_monotonic,75,False
2025-10-06T18:00:00+00:00,long,unknown,unknown_no_monotonic,75,False
2025-10-07T00:00:00+00:00,long,long,m30_resample_closed,76,True
2025-10-07T06:00:00+00:00,short,long,m30_resample_closed,76,False
2025-10-07T12:00:00+00:00,short,long,m30_resample_closed,76,False
2025-10-07T18:00:00+00:00,short,long,m30_resample_closed,76,False
2025-10-08T00:00:00+00:00,long,long,m30_resample_closed,77,True
2025-10-08T06:00:00+00:00,long,long,m30_resample_closed,77,True
2025-10-08T12:00:00+00:00,long,long,m30_resample_closed,77,True
2025-10-08T18:00:00+00:00,long,long,m30_resample_closed,77,True
2025-10-09T00:00:00+00:00,long,long,m30_resample_closed,78,True
2025-10-09T06:00:00+00:00,short,long,m30_resample_closed,78,False
2025-10-09T12:00:00+00:00,short,long,m30_resample_closed,78,False
2025-10-09T18:00:00+00:00,short,long,m30_resample_closed,78,False
2025-10-10T00:00:00+00:00,long,unknown,unknown_no_monotonic,79,False
2025-10-10T06:00:00+00:00,long,unknown,unknown_no_monotonic,79,False
2025-10-10T12:00:00+00:00,long,unknown,unknown_no_monotonic,79,False
2025-10-10T18:00:00+00:00,long,unknown,unknown_no_monotonic,79,False
2025-10-11T00:00:00+00:00,long,unknown,unknown_no_monotonic,80,False
2025-10-11T06:00:00+00:00,long,unknown,unknown_no_monotonic,80,False
2025-10-11T12:00:00+00:00,long,unknown,unknown_no_monotonic,80,False
2025-10-11T18:00:00+00:00,long,unknown,unknown_no_monotonic,80,False
2025-10-12T00:00:00+00:00,long,unknown,unknown_no_monotonic,80,False
2025-10-12T06:00:00+00:00,long,unknown,unknown_no_monotonic,80,False
2025-10-12T12:00:00+00:00,long,unknown,unknown_no_monotonic,80,False
2025-10-12T18:00:00+00:00,long,unknown,unknown_no_monotonic,80,False
2025-10-13T00:00:00+00:00,long,unknown,unknown_no_monotonic,80,False
2025-10-13T06:00:00+00:00,long,unknown,unknown_no_monotonic,80,False
2025-10-13T12:00:00+00:00,long,unknown,unknown_no_monotonic,80,False
2025-10-13T18:00:00+00:00,long,unknown,unknown_no_monotonic,80,False
2025-10-14T00:00:00+00:00,long,long,m30_resample_closed,81,True
2025-10-14T06:00:00+00:00,long,long,m30_resample_closed,81,True
2025-10-14T12:00:00+00:00,long,long,m30_resample_closed,81,True
2025-10-14T18:00:00+00:00,long,long,m30_resample_closed,81,True
2025-10-15T00:00:00+00:00,long,long,m30_resample_closed,82,True
2025-10-15T06:00:00+00:00,long,long,m30_resample_closed,82,True
2025-10-15T12:00:00+00:00,long,long,m30_resample_closed,82,True
2025-10-15T18:00:00+00:00,long,long,m30_resample_closed,82,True
2025-10-16T00:00:00+00:00,long,long,m30_resample_closed,83,True
2025-10-16T06:00:00+00:00,long,long,m30_resample_closed,83,True
2025-10-16T12:00:00+00:00,long,long,m30_resample_closed,83,True
2025-10-16T18:00:00+00:00,long,long,m30_resample_closed,83,True
2025-10-17T00:00:00+00:00,long,long,m30_resample_closed,84,True
2025-10-17T06:00:00+00:00,long,long,m30_resample_closed,84,True
2025-10-17T12:00:00+00:00,long,long,m30_resample_closed,84,True
2025-10-17T18:00:00+00:00,long,long,m30_resample_closed,84,True
2025-10-18T00:00:00+00:00,short,unknown,unknown_no_monotonic,85,False
2025-10-18T06:00:00+00:00,short,unknown,unknown_no_monotonic,85,False
2025-10-18T12:00:00+00:00,short,unknown,unknown_no_monotonic,85,False
2025-10-18T18:00:00+00:00,short,unknown,unknown_no_monotonic,85,False
2025-10-19T00:00:00+00:00,short,unknown,unknown_no_monotonic,85,False
2025-10-19T06:00:00+00:00,short,unknown,unknown_no_monotonic,85,False
2025-10-19T12:00:00+00:00,short,unknown,unknown_no_monotonic,85,False
2025-10-19T18:00:00+00:00,short,unknown,unknown_no_monotonic,85,False
2025-10-20T00:00:00+00:00,long,unknown,unknown_no_monotonic,85,False
2025-10-20T06:00:00+00:00,long,unknown,unknown_no_monotonic,85,False
2025-10-20T12:00:00+00:00,long,unknown,unknown_no_monotonic,85,False
2025-10-20T18:00:00+00:00,long,unknown,unknown_no_monotonic,85,False
2025-10-21T00:00:00+00:00,long,unknown,unknown_no_monotonic,86,False
2025-10-21T06:00:00+00:00,short,unknown,unknown_no_monotonic,86,False
2025-10-21T12:00:00+00:00,short,unknown,unknown_no_monotonic,86,False
2025-10-21T18:00:00+00:00,long,unknown,unknown_no_monotonic,86,False
2025-10-22T00:00:00+00:00,long,unknown,unknown_no_monotonic,87,False
2025-10-22T06:00:00+00:00,long,unknown,unknown_no_monotonic,87,False
2025-10-22T12:00:00+00:00,long,unknown,unknown_no_monotonic,87,False
2025-10-22T18:00:00+00:00,short,unknown,unknown_no_monotonic,87,False
2025-10-23T00:00:00+00:00,long,short,m30_resample_closed,88,False
2025-10-23T06:00:00+00:00,long,short,m30_resample_closed,88,False
2025-10-23T12:00:00+00:00,long,short,m30_resample_closed,88,False
2025-10-23T18:00:00+00:00,long,short,m30_resample_closed,88,False
2025-10-24T00:00:00+00:00,long,unknown,unknown_no_monotonic,89,False
2025-10-24T06:00:00+00:00,short,unknown,unknown_no_monotonic,89,False
2025-10-24T12:00:00+00:00,short,unknown,unknown_no_monotonic,89,False
2025-10-24T18:00:00+00:00,short,unknown,unknown_no_monotonic,89,False
2025-10-25T00:00:00+00:00,short,unknown,unknown_no_monotonic,90,False
2025-10-25T06:00:00+00:00,short,unknown,unknown_no_monotonic,90,False
2025-10-25T12:00:00+00:00,short,unknown,unknown_no_monotonic,90,False
2025-10-25T18:00:00+00:00,short,unknown,unknown_no_monotonic,90,False
2025-10-26T00:00:00+00:00,short,unknown,unknown_no_monotonic,90,False
2025-10-26T06:00:00+00:00,short,unknown,unknown_no_monotonic,90,False
2025-10-26T12:00:00+00:00,short,unknown,unknown_no_monotonic,90,False
2025-10-26T18:00:00+00:00,short,unknown,unknown_no_monotonic,90,False
2025-10-27T00:00:00+00:00,long,unknown,unknown_no_monotonic,90,False
2025-10-27T06:00:00+00:00,short,unknown,unknown_no_monotonic,90,False
2025-10-27T12:00:00+00:00,short,unknown,unknown_no_monotonic,90,False
2025-10-27T18:00:00+00:00,short,unknown,unknown_no_monotonic,90,False
2025-10-28T00:00:00+00:00,long,short,m30_resample_closed,91,False
2025-10-28T06:00:00+00:00,long,short,m30_resample_closed,91,False
2025-10-28T12:00:00+00:00,long,short,m30_resample_closed,91,False
2025-10-28T18:00:00+00:00,short,short,m30_resample_closed,91,True
2025-10-29T00:00:00+00:00,long,short,m30_resample_closed,92,False
2025-10-29T06:00:00+00:00,short,short,m30_resample_closed,92,True
2025-10-29T12:00:00+00:00,long,short,m30_resample_closed,92,False
2025-10-29T18:00:00+00:00,long,short,m30_resample_closed,92,False
2025-10-30T00:00:00+00:00,short,unknown,unknown_no_monotonic,93,False
2025-10-30T06:00:00+00:00,short,unknown,unknown_no_monotonic,93,False
2025-10-30T12:00:00+00:00,short,unknown,unknown_no_monotonic,93,False
2025-10-30T18:00:00+00:00,short,unknown,unknown_no_monotonic,93,False
2025-10-31T00:00:00+00:00,long,unknown,unknown_no_monotonic,94,False
2025-10-31T06:00:00+00:00,short,unknown,unknown_no_monotonic,94,False
2025-10-31T12:00:00+00:00,short,unknown,unknown_no_monotonic,94,False
2025-10-31T18:00:00+00:00,short,unknown,unknown_no_monotonic,94,False
2025-11-01T00:00:00+00:00,short,unknown,unknown_no_monotonic,95,False
2025-11-01T06:00:00+00:00,short,unknown,unknown_no_monotonic,95,False
2025-11-01T12:00:00+00:00,short,unknown,unknown_no_monotonic,95,False
2025-11-01T18:00:00+00:00,short,unknown,unknown_no_monotonic,95,False
2025-11-02T00:00:00+00:00,short,unknown,unknown_no_monotonic,95,False
2025-11-02T06:00:00+00:00,short,unknown,unknown_no_monotonic,95,False
2025-11-02T12:00:00+00:00,short,unknown,unknown_no_monotonic,95,False
2025-11-02T18:00:00+00:00,short,unknown,unknown_no_monotonic,95,False
2025-11-03T00:00:00+00:00,long,unknown,unknown_no_monotonic,95,False
2025-11-03T06:00:00+00:00,long,unknown,unknown_no_monotonic,95,False
2025-11-03T12:00:00+00:00,short,unknown,unknown_no_monotonic,95,False
2025-11-03T18:00:00+00:00,long,unknown,unknown_no_monotonic,95,False
2025-11-04T00:00:00+00:00,long,unknown,unknown_no_monotonic,96,False
2025-11-04T06:00:00+00:00,long,unknown,unknown_no_monotonic,96,False
2025-11-04T12:00:00+00:00,short,unknown,unknown_no_monotonic,96,False
2025-11-04T18:00:00+00:00,short,unknown,unknown_no_monotonic,96,False
2025-11-05T00:00:00+00:00,short,short,m30_resample_closed,97,True
2025-11-05T06:00:00+00:00,short,short,m30_resample_closed,97,True
2025-11-05T12:00:00+00:00,long,short,m30_resample_closed,97,False
2025-11-05T18:00:00+00:00,long,short,m30_resample_closed,97,False
2025-11-06T00:00:00+00:00,long,unknown,unknown_no_monotonic,98,False
2025-11-06T06:00:00+00:00,long,unknown,unknown_no_monotonic,98,False
2025-11-06T12:00:00+00:00,long,unknown,unknown_no_monotonic,98,False
2025-11-06T18:00:00+00:00,short,unknown,unknown_no_monotonic,98,False
2025-11-07T00:00:00+00:00,long,unknown,unknown_no_monotonic,99,False
2025-11-07T06:00:00+00:00,long,unknown,unknown_no_monotonic,99,False
2025-11-07T12:00:00+00:00,long,unknown,unknown_no_monotonic,99,False
2025-11-07T18:00:00+00:00,long,unknown,unknown_no_monotonic,99,False
2025-11-08T00:00:00+00:00,long,unknown,unknown_no_monotonic,100,False
2025-11-08T06:00:00+00:00,long,unknown,unknown_no_monotonic,100,False
2025-11-08T12:00:00+00:00,long,unknown,unknown_no_monotonic,100,False
2025-11-08T18:00:00+00:00,long,unknown,unknown_no_monotonic,100,False
2025-11-09T00:00:00+00:00,long,unknown,unknown_no_monotonic,100,False
2025-11-09T06:00:00+00:00,long,unknown,unknown_no_monotonic,100,False
2025-11-09T12:00:00+00:00,long,unknown,unknown_no_monotonic,100,False
2025-11-09T18:00:00+00:00,long,unknown,unknown_no_monotonic,100,False
2025-11-10T00:00:00+00:00,long,unknown,unknown_no_monotonic,100,False
2025-11-10T06:00:00+00:00,long,unknown,unknown_no_monotonic,100,False
2025-11-10T12:00:00+00:00,long,unknown,unknown_no_monotonic,100,False
2025-11-10T18:00:00+00:00,long,unknown,unknown_no_monotonic,100,False
2025-11-11T00:00:00+00:00,long,long,m30_resample_closed,101,True
2025-11-11T06:00:00+00:00,long,long,m30_resample_closed,101,True
2025-11-11T12:00:00+00:00,long,long,m30_resample_closed,101,True
2025-11-11T18:00:00+00:00,long,long,m30_resample_closed,101,True
2025-11-12T00:00:00+00:00,long,unknown,unknown_no_monotonic,102,False
2025-11-12T06:00:00+00:00,short,unknown,unknown_no_monotonic,102,False
2025-11-12T12:00:00+00:00,short,unknown,unknown_no_monotonic,102,False
2025-11-12T18:00:00+00:00,short,unknown,unknown_no_monotonic,102,False
2025-11-13T00:00:00+00:00,long,unknown,unknown_no_monotonic,103,False
2025-11-13T06:00:00+00:00,long,unknown,unknown_no_monotonic,103,False
2025-11-13T12:00:00+00:00,long,unknown,unknown_no_monotonic,103,False
2025-11-13T18:00:00+00:00,long,unknown,unknown_no_monotonic,103,False
2025-11-14T00:00:00+00:00,long,unknown,unknown_no_monotonic,104,False
2025-11-14T06:00:00+00:00,long,unknown,unknown_no_monotonic,104,False
2025-11-14T12:00:00+00:00,long,unknown,unknown_no_monotonic,104,False
2025-11-14T18:00:00+00:00,long,unknown,unknown_no_monotonic,104,False
2025-11-15T00:00:00+00:00,short,short,m30_resample_closed,105,True
2025-11-15T06:00:00+00:00,short,short,m30_resample_closed,105,True
2025-11-15T12:00:00+00:00,short,short,m30_resample_closed,105,True
2025-11-15T18:00:00+00:00,short,short,m30_resample_closed,105,True
2025-11-16T00:00:00+00:00,short,short,m30_resample_closed,105,True
2025-11-16T06:00:00+00:00,short,short,m30_resample_closed,105,True
2025-11-16T12:00:00+00:00,short,short,m30_resample_closed,105,True
2025-11-16T18:00:00+00:00,short,short,m30_resample_closed,105,True
2025-11-17T00:00:00+00:00,long,short,m30_resample_closed,105,False
2025-11-17T06:00:00+00:00,short,short,m30_resample_closed,105,True
2025-11-17T12:00:00+00:00,short,short,m30_resample_closed,105,True
2025-11-17T18:00:00+00:00,short,short,m30_resample_closed,105,True
2025-11-18T00:00:00+00:00,long,short,m30_resample_closed,106,False
2025-11-18T06:00:00+00:00,short,short,m30_resample_closed,106,True
2025-11-18T12:00:00+00:00,short,short,m30_resample_closed,106,True
2025-11-18T18:00:00+00:00,short,short,m30_resample_closed,106,True
2025-11-19T00:00:00+00:00,long,unknown,unknown_no_monotonic,107,False
2025-11-19T06:00:00+00:00,long,unknown,unknown_no_monotonic,107,False
2025-11-19T12:00:00+00:00,long,unknown,unknown_no_monotonic,107,False
2025-11-19T18:00:00+00:00,long,unknown,unknown_no_monotonic,107,False
2025-11-20T00:00:00+00:00,long,long,m30_resample_closed,108,True
2025-11-20T06:00:00+00:00,short,long,m30_resample_closed,108,False
2025-11-20T12:00:00+00:00,short,long,m30_resample_closed,108,False
2025-11-20T18:00:00+00:00,short,long,m30_resample_closed,108,False
2025-11-21T00:00:00+00:00,long,unknown,unknown_no_monotonic,109,False
2025-11-21T06:00:00+00:00,short,unknown,unknown_no_monotonic,109,False
2025-11-21T12:00:00+00:00,short,unknown,unknown_no_monotonic,109,False
2025-11-21T18:00:00+00:00,short,unknown,unknown_no_monotonic,109,False
2025-11-22T00:00:00+00:00,long,unknown,unknown_no_monotonic,110,False
2025-11-22T06:00:00+00:00,long,unknown,unknown_no_monotonic,110,False
2025-11-22T12:00:00+00:00,long,unknown,unknown_no_monotonic,110,False
2025-11-22T18:00:00+00:00,long,unknown,unknown_no_monotonic,110,False
2025-11-23T00:00:00+00:00,long,unknown,unknown_no_monotonic,110,False
2025-11-23T06:00:00+00:00,long,unknown,unknown_no_monotonic,110,False
2025-11-23T12:00:00+00:00,long,unknown,unknown_no_monotonic,110,False
2025-11-23T18:00:00+00:00,long,unknown,unknown_no_monotonic,110,False
2025-11-24T00:00:00+00:00,long,unknown,unknown_no_monotonic,110,False
2025-11-24T06:00:00+00:00,long,unknown,unknown_no_monotonic,110,False
2025-11-24T12:00:00+00:00,long,unknown,unknown_no_monotonic,110,False
2025-11-24T18:00:00+00:00,long,unknown,unknown_no_monotonic,110,False
2025-11-25T00:00:00+00:00,long,long,m30_resample_closed,111,True
2025-11-25T06:00:00+00:00,long,long,m30_resample_closed,111,True
2025-11-25T12:00:00+00:00,long,long,m30_resample_closed,111,True
2025-11-25T18:00:00+00:00,long,long,m30_resample_closed,111,True
2025-11-26T00:00:00+00:00,long,long,m30_resample_closed,112,True
2025-11-26T06:00:00+00:00,long,long,m30_resample_closed,112,True
2025-11-26T12:00:00+00:00,long,long,m30_resample_closed,112,True
2025-11-26T18:00:00+00:00,long,long,m30_resample_closed,112,True
2025-11-27T00:00:00+00:00,long,long,m30_resample_closed,113,True
2025-11-27T06:00:00+00:00,short,long,m30_resample_closed,113,False
2025-11-27T12:00:00+00:00,short,long,m30_resample_closed,113,False
2025-11-27T18:00:00+00:00,short,long,m30_resample_closed,113,False
2025-11-28T00:00:00+00:00,long,unknown,unknown_no_monotonic,114,False
2025-11-28T06:00:00+00:00,long,unknown,unknown_no_monotonic,114,False
2025-11-28T12:00:00+00:00,long,unknown,unknown_no_monotonic,114,False
2025-11-28T18:00:00+00:00,long,unknown,unknown_no_monotonic,114,False
2025-11-29T00:00:00+00:00,long,unknown,unknown_no_monotonic,115,False
2025-11-29T06:00:00+00:00,long,unknown,unknown_no_monotonic,115,False
2025-11-29T12:00:00+00:00,long,unknown,unknown_no_monotonic,115,False
2025-11-29T18:00:00+00:00,long,unknown,unknown_no_monotonic,115,False
2025-11-30T00:00:00+00:00,long,unknown,unknown_no_monotonic,115,False
2025-11-30T06:00:00+00:00,long,unknown,unknown_no_monotonic,115,False
2025-11-30T12:00:00+00:00,long,unknown,unknown_no_monotonic,115,False
2025-11-30T18:00:00+00:00,long,unknown,unknown_no_monotonic,115,False
2025-12-01T00:00:00+00:00,long,unknown,unknown_no_monotonic,115,False
2025-12-01T06:00:00+00:00,long,unknown,unknown_no_monotonic,115,False
2025-12-01T12:00:00+00:00,long,unknown,unknown_no_monotonic,115,False
2025-12-01T18:00:00+00:00,long,unknown,unknown_no_monotonic,115,False
2025-12-02T00:00:00+00:00,long,unknown,unknown_no_monotonic,116,False
2025-12-02T06:00:00+00:00,short,unknown,unknown_no_monotonic,116,False
2025-12-02T12:00:00+00:00,short,unknown,unknown_no_monotonic,116,False
2025-12-02T18:00:00+00:00,short,unknown,unknown_no_monotonic,116,False
2025-12-03T00:00:00+00:00,long,unknown,unknown_no_monotonic,117,False
2025-12-03T06:00:00+00:00,long,unknown,unknown_no_monotonic,117,False
2025-12-03T12:00:00+00:00,long,unknown,unknown_no_monotonic,117,False
2025-12-03T18:00:00+00:00,long,unknown,unknown_no_monotonic,117,False
2025-12-04T00:00:00+00:00,long,unknown,unknown_no_monotonic,118,False
2025-12-04T06:00:00+00:00,short,unknown,unknown_no_monotonic,118,False
2025-12-04T12:00:00+00:00,short,unknown,unknown_no_monotonic,118,False
2025-12-04T18:00:00+00:00,short,unknown,unknown_no_monotonic,118,False
2025-12-05T00:00:00+00:00,long,long,m30_resample_closed,119,True
2025-12-05T06:00:00+00:00,short,long,m30_resample_closed,119,False
2025-12-05T12:00:00+00:00,long,long,m30_resample_closed,119,True
2025-12-05T18:00:00+00:00,long,long,m30_resample_closed,119,True
2025-12-06T00:00:00+00:00,short,unknown,unknown_no_monotonic,120,False
2025-12-06T06:00:00+00:00,short,unknown,unknown_no_monotonic,120,False
2025-12-06T12:00:00+00:00,short,unknown,unknown_no_monotonic,120,False
2025-12-06T18:00:00+00:00,short,unknown,unknown_no_monotonic,120,False
2025-12-07T00:00:00+00:00,short,unknown,unknown_no_monotonic,120,False
2025-12-07T06:00:00+00:00,short,unknown,unknown_no_monotonic,120,False
2025-12-07T12:00:00+00:00,short,unknown,unknown_no_monotonic,120,False
2025-12-07T18:00:00+00:00,short,unknown,unknown_no_monotonic,120,False
2025-12-08T00:00:00+00:00,short,unknown,unknown_no_monotonic,120,False
2025-12-08T06:00:00+00:00,long,unknown,unknown_no_monotonic,120,False
2025-12-08T12:00:00+00:00,long,unknown,unknown_no_monotonic,120,False
2025-12-08T18:00:00+00:00,long,unknown,unknown_no_monotonic,120,False
2025-12-09T00:00:00+00:00,long,short,m30_resample_closed,121,False
2025-12-09T06:00:00+00:00,long,short,m30_resample_closed,121,False
2025-12-09T12:00:00+00:00,long,short,m30_resample_closed,121,False
2025-12-09T18:00:00+00:00,long,short,m30_resample_closed,121,False
2025-12-10T00:00:00+00:00,long,unknown,unknown_no_monotonic,122,False
2025-12-10T06:00:00+00:00,long,unknown,unknown_no_monotonic,122,False
2025-12-10T12:00:00+00:00,short,unknown,unknown_no_monotonic,122,False
2025-12-10T18:00:00+00:00,short,unknown,unknown_no_monotonic,122,False
2025-12-11T00:00:00+00:00,long,unknown,unknown_no_monotonic,123,False
2025-12-11T06:00:00+00:00,short,unknown,unknown_no_monotonic,123,False
2025-12-11T12:00:00+00:00,short,unknown,unknown_no_monotonic,123,False
2025-12-11T18:00:00+00:00,short,unknown,unknown_no_monotonic,123,False
2025-12-12T00:00:00+00:00,long,unknown,unknown_no_monotonic,124,False
2025-12-12T06:00:00+00:00,long,unknown,unknown_no_monotonic,124,False
2025-12-12T12:00:00+00:00,long,unknown,unknown_no_monotonic,124,False
2025-12-12T18:00:00+00:00,long,unknown,unknown_no_monotonic,124,False
2025-12-13T00:00:00+00:00,long,long,m30_resample_closed,125,True
2025-12-13T06:00:00+00:00,long,long,m30_resample_closed,125,True
2025-12-13T12:00:00+00:00,long,long,m30_resample_closed,125,True
2025-12-13T18:00:00+00:00,long,long,m30_resample_closed,125,True
2025-12-14T00:00:00+00:00,long,long,m30_resample_closed,125,True
2025-12-14T06:00:00+00:00,long,long,m30_resample_closed,125,True
2025-12-14T12:00:00+00:00,long,long,m30_resample_closed,125,True
2025-12-14T18:00:00+00:00,long,long,m30_resample_closed,125,True
2025-12-15T00:00:00+00:00,long,long,m30_resample_closed,125,True
2025-12-15T06:00:00+00:00,long,long,m30_resample_closed,125,True
2025-12-15T12:00:00+00:00,long,long,m30_resample_closed,125,True
2025-12-15T18:00:00+00:00,long,long,m30_resample_closed,125,True
2025-12-16T00:00:00+00:00,long,long,m30_resample_closed,126,True
2025-12-16T06:00:00+00:00,long,long,m30_resample_closed,126,True
2025-12-16T12:00:00+00:00,long,long,m30_resample_closed,126,True
2025-12-16T18:00:00+00:00,long,long,m30_resample_closed,126,True
2025-12-17T00:00:00+00:00,long,unknown,unknown_no_monotonic,127,False
2025-12-17T06:00:00+00:00,long,unknown,unknown_no_monotonic,127,False
2025-12-17T12:00:00+00:00,long,unknown,unknown_no_monotonic,127,False
2025-12-17T18:00:00+00:00,long,unknown,unknown_no_monotonic,127,False
2025-12-18T00:00:00+00:00,long,unknown,unknown_no_monotonic,128,False
2025-12-18T06:00:00+00:00,short,unknown,unknown_no_monotonic,128,False
2025-12-18T12:00:00+00:00,short,unknown,unknown_no_monotonic,128,False
2025-12-18T18:00:00+00:00,short,unknown,unknown_no_monotonic,128,False
2025-12-19T00:00:00+00:00,long,unknown,unknown_no_monotonic,129,False
2025-12-19T06:00:00+00:00,short,unknown,unknown_no_monotonic,129,False
2025-12-19T12:00:00+00:00,short,unknown,unknown_no_monotonic,129,False
2025-12-19T18:00:00+00:00,short,unknown,unknown_no_monotonic,129,False
2025-12-20T00:00:00+00:00,long,unknown,unknown_no_monotonic,130,False
2025-12-20T06:00:00+00:00,long,unknown,unknown_no_monotonic,130,False
2025-12-20T12:00:00+00:00,long,unknown,unknown_no_monotonic,130,False
2025-12-20T18:00:00+00:00,long,unknown,unknown_no_monotonic,130,False
2025-12-21T00:00:00+00:00,long,unknown,unknown_no_monotonic,130,False
2025-12-21T06:00:00+00:00,long,unknown,unknown_no_monotonic,130,False
2025-12-21T12:00:00+00:00,long,unknown,unknown_no_monotonic,130,False
2025-12-21T18:00:00+00:00,long,unknown,unknown_no_monotonic,130,False
2025-12-22T00:00:00+00:00,long,unknown,unknown_no_monotonic,130,False
2025-12-22T06:00:00+00:00,long,unknown,unknown_no_monotonic,130,False
2025-12-22T12:00:00+00:00,long,unknown,unknown_no_monotonic,130,False
2025-12-22T18:00:00+00:00,long,unknown,unknown_no_monotonic,130,False
2025-12-23T00:00:00+00:00,long,long,m30_resample_closed,131,True
2025-12-23T06:00:00+00:00,long,long,m30_resample_closed,131,True
2025-12-23T12:00:00+00:00,long,long,m30_resample_closed,131,True
2025-12-23T18:00:00+00:00,long,long,m30_resample_closed,131,True
2025-12-24T00:00:00+00:00,long,long,m30_resample_closed,132,True
2025-12-24T06:00:00+00:00,long,long,m30_resample_closed,132,True
2025-12-24T12:00:00+00:00,short,long,m30_resample_closed,132,False
2025-12-24T18:00:00+00:00,short,long,m30_resample_closed,132,False
2025-12-25T00:00:00+00:00,short,unknown,unknown_no_monotonic,133,False
2025-12-25T06:00:00+00:00,short,unknown,unknown_no_monotonic,133,False
2025-12-25T12:00:00+00:00,short,unknown,unknown_no_monotonic,133,False
2025-12-25T18:00:00+00:00,short,unknown,unknown_no_monotonic,133,False
2025-12-26T00:00:00+00:00,long,unknown,unknown_no_monotonic,133,False
2025-12-26T06:00:00+00:00,long,unknown,unknown_no_monotonic,133,False
2025-12-26T12:00:00+00:00,long,unknown,unknown_no_monotonic,133,False
2025-12-26T18:00:00+00:00,long,unknown,unknown_no_monotonic,133,False
2025-12-27T00:00:00+00:00,long,unknown,unknown_no_monotonic,134,False
2025-12-27T06:00:00+00:00,long,unknown,unknown_no_monotonic,134,False
2025-12-27T12:00:00+00:00,long,unknown,unknown_no_monotonic,134,False
2025-12-27T18:00:00+00:00,long,unknown,unknown_no_monotonic,134,False
2025-12-28T00:00:00+00:00,long,unknown,unknown_no_monotonic,134,False
2025-12-28T06:00:00+00:00,long,unknown,unknown_no_monotonic,134,False
2025-12-28T12:00:00+00:00,long,unknown,unknown_no_monotonic,134,False
2025-12-28T18:00:00+00:00,long,unknown,unknown_no_monotonic,134,False
2025-12-29T00:00:00+00:00,long,unknown,unknown_no_monotonic,134,False
2025-12-29T06:00:00+00:00,short,unknown,unknown_no_monotonic,134,False
2025-12-29T12:00:00+00:00,short,unknown,unknown_no_monotonic,134,False
2025-12-29T18:00:00+00:00,short,unknown,unknown_no_monotonic,134,False
2025-12-30T00:00:00+00:00,long,unknown,unknown_no_monotonic,135,False
2025-12-30T06:00:00+00:00,long,unknown,unknown_no_monotonic,135,False
2025-12-30T12:00:00+00:00,long,unknown,unknown_no_monotonic,135,False
2025-12-30T18:00:00+00:00,long,unknown,unknown_no_monotonic,135,False
2025-12-31T00:00:00+00:00,long,unknown,unknown_no_monotonic,136,False
2025-12-31T06:00:00+00:00,long,unknown,unknown_no_monotonic,136,False
2025-12-31T12:00:00+00:00,short,unknown,unknown_no_monotonic,136,False
2025-12-31T18:00:00+00:00,short,unknown,unknown_no_monotonic,136,False
2026-01-01T00:00:00+00:00,short,unknown,unknown_no_monotonic,137,False
2026-01-01T06:00:00+00:00,short,unknown,unknown_no_monotonic,137,False
2026-01-01T12:00:00+00:00,short,unknown,unknown_no_monotonic,137,False
2026-01-01T18:00:00+00:00,short,unknown,unknown_no_monotonic,137,False
2026-01-02T00:00:00+00:00,long,unknown,unknown_no_monotonic,137,False
2026-01-02T06:00:00+00:00,long,unknown,unknown_no_monotonic,137,False
2026-01-02T12:00:00+00:00,long,unknown,unknown_no_monotonic,137,False
2026-01-02T18:00:00+00:00,long,unknown,unknown_no_monotonic,137,False
2026-01-03T00:00:00+00:00,short,short,m30_resample_closed,138,True
2026-01-03T06:00:00+00:00,short,short,m30_resample_closed,138,True
2026-01-03T12:00:00+00:00,short,short,m30_resample_closed,138,True
2026-01-03T18:00:00+00:00,short,short,m30_resample_closed,138,True
2026-01-04T00:00:00+00:00,short,short,m30_resample_closed,138,True
2026-01-04T06:00:00+00:00,short,short,m30_resample_closed,138,True
2026-01-04T12:00:00+00:00,short,short,m30_resample_closed,138,True
2026-01-04T18:00:00+00:00,short,short,m30_resample_closed,138,True
2026-01-05T00:00:00+00:00,long,short,m30_resample_closed,138,False
2026-01-05T06:00:00+00:00,long,short,m30_resample_closed,138,False
2026-01-05T12:00:00+00:00,long,short,m30_resample_closed,138,False
2026-01-05T18:00:00+00:00,long,short,m30_resample_closed,138,False
2026-01-06T00:00:00+00:00,long,unknown,unknown_no_monotonic,139,False
2026-01-06T06:00:00+00:00,long,unknown,unknown_no_monotonic,139,False
2026-01-06T12:00:00+00:00,long,unknown,unknown_no_monotonic,139,False
2026-01-06T18:00:00+00:00,long,unknown,unknown_no_monotonic,139,False
2026-01-07T00:00:00+00:00,long,long,m30_resample_closed,140,True
2026-01-07T06:00:00+00:00,short,long,m30_resample_closed,140,False
2026-01-07T12:00:00+00:00,short,long,m30_resample_closed,140,False
2026-01-07T18:00:00+00:00,short,long,m30_resample_closed,140,False
2026-01-08T00:00:00+00:00,long,unknown,unknown_no_monotonic,141,False
2026-01-08T06:00:00+00:00,short,unknown,unknown_no_monotonic,141,False
2026-01-08T12:00:00+00:00,short,unknown,unknown_no_monotonic,141,False
2026-01-08T18:00:00+00:00,long,unknown,unknown_no_monotonic,141,False
2026-01-09T00:00:00+00:00,long,short,m30_resample_closed,142,False
2026-01-09T06:00:00+00:00,long,short,m30_resample_closed,142,False
2026-01-09T12:00:00+00:00,long,short,m30_resample_closed,142,False
2026-01-09T18:00:00+00:00,long,short,m30_resample_closed,142,False
2026-01-10T00:00:00+00:00,long,unknown,unknown_no_monotonic,143,False
2026-01-10T06:00:00+00:00,long,unknown,unknown_no_monotonic,143,False
2026-01-10T12:00:00+00:00,long,unknown,unknown_no_monotonic,143,False
2026-01-10T18:00:00+00:00,long,unknown,unknown_no_monotonic,143,False
2026-01-11T00:00:00+00:00,long,unknown,unknown_no_monotonic,143,False
2026-01-11T06:00:00+00:00,long,unknown,unknown_no_monotonic,143,False
2026-01-11T12:00:00+00:00,long,unknown,unknown_no_monotonic,143,False
2026-01-11T18:00:00+00:00,long,unknown,unknown_no_monotonic,143,False
2026-01-12T00:00:00+00:00,long,unknown,unknown_no_monotonic,143,False
2026-01-12T06:00:00+00:00,long,unknown,unknown_no_monotonic,143,False
2026-01-12T12:00:00+00:00,long,unknown,unknown_no_monotonic,143,False
2026-01-12T18:00:00+00:00,long,unknown,unknown_no_monotonic,143,False
2026-01-13T00:00:00+00:00,long,long,m30_resample_closed,144,True
2026-01-13T06:00:00+00:00,long,long,m30_resample_closed,144,True
2026-01-13T12:00:00+00:00,short,long,m30_resample_closed,144,False
2026-01-13T18:00:00+00:00,short,long,m30_resample_closed,144,False
2026-01-14T00:00:00+00:00,long,unknown,unknown_no_monotonic,145,False
2026-01-14T06:00:00+00:00,long,unknown,unknown_no_monotonic,145,False
2026-01-14T12:00:00+00:00,long,unknown,unknown_no_monotonic,145,False
2026-01-14T18:00:00+00:00,long,unknown,unknown_no_monotonic,145,False
2026-01-15T00:00:00+00:00,long,unknown,unknown_no_monotonic,146,False
2026-01-15T06:00:00+00:00,short,unknown,unknown_no_monotonic,146,False
2026-01-15T12:00:00+00:00,short,unknown,unknown_no_monotonic,146,False
2026-01-15T18:00:00+00:00,short,unknown,unknown_no_monotonic,146,False
2026-01-16T00:00:00+00:00,long,unknown,unknown_no_monotonic,147,False
2026-01-16T06:00:00+00:00,short,unknown,unknown_no_monotonic,147,False
2026-01-16T12:00:00+00:00,short,unknown,unknown_no_monotonic,147,False
2026-01-16T18:00:00+00:00,long,unknown,unknown_no_monotonic,147,False
2026-01-17T00:00:00+00:00,long,short,m30_resample_closed,148,False
2026-01-17T06:00:00+00:00,long,short,m30_resample_closed,148,False
2026-01-17T12:00:00+00:00,long,short,m30_resample_closed,148,False
2026-01-17T18:00:00+00:00,long,short,m30_resample_closed,148,False
2026-01-18T00:00:00+00:00,long,short,m30_resample_closed,148,False
2026-01-18T06:00:00+00:00,long,short,m30_resample_closed,148,False
2026-01-18T12:00:00+00:00,long,short,m30_resample_closed,148,False
2026-01-18T18:00:00+00:00,long,short,m30_resample_closed,148,False
2026-01-19T00:00:00+00:00,short,short,m30_resample_closed,148,True
2026-01-19T06:00:00+00:00,long,short,m30_resample_closed,148,False
2026-01-19T12:00:00+00:00,long,short,m30_resample_closed,148,False
2026-01-19T18:00:00+00:00,long,short,m30_resample_closed,148,False
2026-01-20T00:00:00+00:00,long,unknown,unknown_no_monotonic,149,False
2026-01-20T06:00:00+00:00,long,unknown,unknown_no_monotonic,149,False
2026-01-20T12:00:00+00:00,long,unknown,unknown_no_monotonic,149,False
2026-01-20T18:00:00+00:00,long,unknown,unknown_no_monotonic,149,False
2026-01-21T00:00:00+00:00,long,long,m30_resample_closed,150,True
2026-01-21T06:00:00+00:00,long,long,m30_resample_closed,150,True
2026-01-21T12:00:00+00:00,long,long,m30_resample_closed,150,True
2026-01-21T18:00:00+00:00,long,long,m30_resample_closed,150,True
2026-01-22T00:00:00+00:00,long,long,m30_resample_closed,151,True
2026-01-22T06:00:00+00:00,short,long,m30_resample_closed,151,False
2026-01-22T12:00:00+00:00,long,long,m30_resample_closed,151,True
2026-01-22T18:00:00+00:00,long,long,m30_resample_closed,151,True
2026-01-23T00:00:00+00:00,long,long,m30_resample_closed,152,True
2026-01-23T06:00:00+00:00,long,long,m30_resample_closed,152,True
2026-01-23T12:00:00+00:00,long,long,m30_resample_closed,152,True
2026-01-23T18:00:00+00:00,long,long,m30_resample_closed,152,True
2026-01-24T00:00:00+00:00,long,long,m30_resample_closed,153,True
2026-01-24T06:00:00+00:00,long,long,m30_resample_closed,153,True
2026-01-24T12:00:00+00:00,long,long,m30_resample_closed,153,True
2026-01-24T18:00:00+00:00,long,long,m30_resample_closed,153,True
2026-01-25T00:00:00+00:00,long,long,m30_resample_closed,153,True
2026-01-25T06:00:00+00:00,long,long,m30_resample_closed,153,True
2026-01-25T12:00:00+00:00,long,long,m30_resample_closed,153,True
2026-01-25T18:00:00+00:00,long,long,m30_resample_closed,153,True
2026-01-26T00:00:00+00:00,long,long,m30_resample_closed,153,True
2026-01-26T06:00:00+00:00,long,long,m30_resample_closed,153,True
2026-01-26T12:00:00+00:00,long,long,m30_resample_closed,153,True
2026-01-26T18:00:00+00:00,long,long,m30_resample_closed,153,True
2026-01-27T00:00:00+00:00,long,long,m30_resample_closed,153,True
2026-01-27T06:00:00+00:00,long,long,m30_resample_closed,153,True
2026-01-27T12:00:00+00:00,long,long,m30_resample_closed,153,True
2026-01-27T18:00:00+00:00,long,long,m30_resample_closed,153,True
2026-01-28T00:00:00+00:00,long,long,m30_resample_closed,153,True
2026-01-28T06:00:00+00:00,long,long,m30_resample_closed,153,True
2026-01-28T12:00:00+00:00,long,long,m30_resample_closed,153,True
2026-01-28T18:00:00+00:00,long,long,m30_resample_closed,153,True
2026-01-29T00:00:00+00:00,long,long,m30_resample_closed,153,True
2026-01-29T06:00:00+00:00,long,long,m30_resample_closed,153,True
2026-01-29T12:00:00+00:00,long,long,m30_resample_closed,153,True
2026-01-29T18:00:00+00:00,long,long,m30_resample_closed,153,True
2026-01-30T00:00:00+00:00,long,long,m30_resample_closed,153,True
2026-01-30T06:00:00+00:00,long,long,m30_resample_closed,153,True
2026-01-30T12:00:00+00:00,long,long,m30_resample_closed,153,True
2026-01-30T18:00:00+00:00,long,long,m30_resample_closed,153,True
2026-01-31T00:00:00+00:00,long,long,m30_resample_closed,153,True
2026-01-31T06:00:00+00:00,long,long,m30_resample_closed,153,True
2026-01-31T12:00:00+00:00,long,long,m30_resample_closed,153,True
2026-01-31T18:00:00+00:00,long,long,m30_resample_closed,153,True
2026-02-01T00:00:00+00:00,long,long,m30_resample_closed,153,True
2026-02-01T06:00:00+00:00,long,long,m30_resample_closed,153,True
2026-02-01T12:00:00+00:00,long,long,m30_resample_closed,153,True
2026-02-01T18:00:00+00:00,long,long,m30_resample_closed,153,True
2026-02-02T00:00:00+00:00,long,long,m30_resample_closed,153,True
2026-02-02T06:00:00+00:00,long,long,m30_resample_closed,153,True
2026-02-02T12:00:00+00:00,long,long,m30_resample_closed,153,True
2026-02-02T18:00:00+00:00,long,long,m30_resample_closed,153,True
2026-02-03T00:00:00+00:00,long,long,m30_resample_closed,154,True
2026-02-03T06:00:00+00:00,long,long,m30_resample_closed,154,True
2026-02-03T12:00:00+00:00,long,long,m30_resample_closed,154,True
2026-02-03T18:00:00+00:00,long,long,m30_resample_closed,154,True
2026-02-04T00:00:00+00:00,long,unknown,unknown_no_monotonic,155,False
2026-02-04T06:00:00+00:00,long,unknown,unknown_no_monotonic,155,False
2026-02-04T12:00:00+00:00,long,unknown,unknown_no_monotonic,155,False
2026-02-04T18:00:00+00:00,long,unknown,unknown_no_monotonic,155,False
2026-02-05T00:00:00+00:00,long,unknown,unknown_no_monotonic,156,False
2026-02-05T06:00:00+00:00,short,unknown,unknown_no_monotonic,156,False
2026-02-05T12:00:00+00:00,short,unknown,unknown_no_monotonic,156,False
2026-02-05T18:00:00+00:00,short,unknown,unknown_no_monotonic,156,False
2026-02-06T00:00:00+00:00,long,unknown,unknown_no_monotonic,157,False
2026-02-06T06:00:00+00:00,short,unknown,unknown_no_monotonic,157,False
2026-02-06T12:00:00+00:00,short,unknown,unknown_no_monotonic,157,False
2026-02-06T18:00:00+00:00,long,unknown,unknown_no_monotonic,157,False
2026-02-07T00:00:00+00:00,long,unknown,unknown_no_monotonic,158,False
2026-02-07T06:00:00+00:00,long,unknown,unknown_no_monotonic,158,False
2026-02-07T12:00:00+00:00,long,unknown,unknown_no_monotonic,158,False
2026-02-07T18:00:00+00:00,long,unknown,unknown_no_monotonic,158,False
2026-02-08T00:00:00+00:00,long,unknown,unknown_no_monotonic,158,False
2026-02-08T06:00:00+00:00,long,unknown,unknown_no_monotonic,158,False
2026-02-08T12:00:00+00:00,long,unknown,unknown_no_monotonic,158,False
2026-02-08T18:00:00+00:00,long,unknown,unknown_no_monotonic,158,False
2026-02-09T00:00:00+00:00,long,unknown,unknown_no_monotonic,158,False
2026-02-09T06:00:00+00:00,long,unknown,unknown_no_monotonic,158,False
2026-02-09T12:00:00+00:00,long,unknown,unknown_no_monotonic,158,False
2026-02-09T18:00:00+00:00,long,unknown,unknown_no_monotonic,158,False
2026-02-10T00:00:00+00:00,long,long,m30_resample_closed,159,True
2026-02-10T06:00:00+00:00,short,long,m30_resample_closed,159,False
2026-02-10T12:00:00+00:00,short,long,m30_resample_closed,159,False
2026-02-10T18:00:00+00:00,short,long,m30_resample_closed,159,False
2026-02-11T00:00:00+00:00,long,unknown,unknown_no_monotonic,160,False
2026-02-11T06:00:00+00:00,long,unknown,unknown_no_monotonic,160,False
2026-02-11T12:00:00+00:00,long,unknown,unknown_no_monotonic,160,False
2026-02-11T18:00:00+00:00,long,unknown,unknown_no_monotonic,160,False
2026-02-12T00:00:00+00:00,long,unknown,unknown_no_monotonic,161,False
2026-02-12T06:00:00+00:00,long,unknown,unknown_no_monotonic,161,False
2026-02-12T12:00:00+00:00,long,unknown,unknown_no_monotonic,161,False
2026-02-12T18:00:00+00:00,short,unknown,unknown_no_monotonic,161,False
2026-02-13T00:00:00+00:00,long,unknown,unknown_no_monotonic,162,False
2026-02-13T06:00:00+00:00,long,unknown,unknown_no_monotonic,162,False
2026-02-13T12:00:00+00:00,long,unknown,unknown_no_monotonic,162,False
2026-02-13T18:00:00+00:00,long,unknown,unknown_no_monotonic,162,False
2026-02-14T00:00:00+00:00,long,unknown,unknown_no_monotonic,163,False
2026-02-14T06:00:00+00:00,long,unknown,unknown_no_monotonic,163,False
2026-02-14T12:00:00+00:00,long,unknown,unknown_no_monotonic,163,False
2026-02-14T18:00:00+00:00,long,unknown,unknown_no_monotonic,163,False
2026-02-15T00:00:00+00:00,long,unknown,unknown_no_monotonic,163,False
2026-02-15T06:00:00+00:00,long,unknown,unknown_no_monotonic,163,False
2026-02-15T12:00:00+00:00,long,unknown,unknown_no_monotonic,163,False
2026-02-15T18:00:00+00:00,long,unknown,unknown_no_monotonic,163,False
2026-02-16T00:00:00+00:00,long,unknown,unknown_no_monotonic,163,False
2026-02-16T06:00:00+00:00,long,unknown,unknown_no_monotonic,163,False
2026-02-16T12:00:00+00:00,long,unknown,unknown_no_monotonic,163,False
2026-02-16T18:00:00+00:00,short,unknown,unknown_no_monotonic,163,False
2026-02-17T00:00:00+00:00,long,unknown,unknown_no_monotonic,164,False
2026-02-17T06:00:00+00:00,short,unknown,unknown_no_monotonic,164,False
2026-02-17T12:00:00+00:00,short,unknown,unknown_no_monotonic,164,False
2026-02-17T18:00:00+00:00,short,unknown,unknown_no_monotonic,164,False
2026-02-18T00:00:00+00:00,long,short,m30_resample_closed,165,False
2026-02-18T06:00:00+00:00,long,short,m30_resample_closed,165,False
2026-02-18T12:00:00+00:00,long,short,m30_resample_closed,165,False
2026-02-18T18:00:00+00:00,long,short,m30_resample_closed,165,False
2026-02-19T00:00:00+00:00,long,unknown,unknown_no_monotonic,166,False
2026-02-19T06:00:00+00:00,long,unknown,unknown_no_monotonic,166,False
2026-02-19T12:00:00+00:00,long,unknown,unknown_no_monotonic,166,False
2026-02-19T18:00:00+00:00,short,unknown,unknown_no_monotonic,166,False
2026-02-20T00:00:00+00:00,long,unknown,unknown_no_monotonic,167,False
2026-02-20T06:00:00+00:00,long,unknown,unknown_no_monotonic,167,False
2026-02-20T12:00:00+00:00,long,unknown,unknown_no_monotonic,167,False
2026-02-20T18:00:00+00:00,long,unknown,unknown_no_monotonic,167,False
2026-02-21T00:00:00+00:00,long,unknown,unknown_no_monotonic,168,False
2026-02-21T06:00:00+00:00,long,unknown,unknown_no_monotonic,168,False
2026-02-21T12:00:00+00:00,long,unknown,unknown_no_monotonic,168,False
2026-02-21T18:00:00+00:00,long,unknown,unknown_no_monotonic,168,False
2026-02-22T00:00:00+00:00,long,unknown,unknown_no_monotonic,168,False
2026-02-22T06:00:00+00:00,long,unknown,unknown_no_monotonic,168,False
2026-02-22T12:00:00+00:00,long,unknown,unknown_no_monotonic,168,False
2026-02-22T18:00:00+00:00,long,unknown,unknown_no_monotonic,168,False
2026-02-23T00:00:00+00:00,long,unknown,unknown_no_monotonic,168,False
2026-02-23T06:00:00+00:00,long,unknown,unknown_no_monotonic,168,False
2026-02-23T12:00:00+00:00,long,unknown,unknown_no_monotonic,168,False
2026-02-23T18:00:00+00:00,long,unknown,unknown_no_monotonic,168,False
2026-02-24T00:00:00+00:00,long,long,m30_resample_closed,169,True
2026-02-24T06:00:00+00:00,short,long,m30_resample_closed,169,False
2026-02-24T12:00:00+00:00,short,long,m30_resample_closed,169,False
2026-02-24T18:00:00+00:00,short,long,m30_resample_closed,169,False
2026-02-25T00:00:00+00:00,long,unknown,unknown_no_monotonic,170,False
2026-02-25T06:00:00+00:00,long,unknown,unknown_no_monotonic,170,False
2026-02-25T12:00:00+00:00,long,unknown,unknown_no_monotonic,170,False
2026-02-25T18:00:00+00:00,long,unknown,unknown_no_monotonic,170,False
2026-02-26T00:00:00+00:00,long,unknown,unknown_no_monotonic,171,False
2026-02-26T06:00:00+00:00,long,unknown,unknown_no_monotonic,171,False
2026-02-26T12:00:00+00:00,long,unknown,unknown_no_monotonic,171,False
2026-02-26T18:00:00+00:00,short,unknown,unknown_no_monotonic,171,False
2026-02-27T00:00:00+00:00,long,unknown,unknown_no_monotonic,172,False
2026-02-27T06:00:00+00:00,long,unknown,unknown_no_monotonic,172,False
2026-02-27T12:00:00+00:00,short,unknown,unknown_no_monotonic,172,False
2026-02-27T18:00:00+00:00,long,unknown,unknown_no_monotonic,172,False
2026-02-28T00:00:00+00:00,long,unknown,unknown_no_monotonic,173,False
2026-02-28T06:00:00+00:00,long,unknown,unknown_no_monotonic,173,False
2026-02-28T12:00:00+00:00,long,unknown,unknown_no_monotonic,173,False
2026-02-28T18:00:00+00:00,long,unknown,unknown_no_monotonic,173,False
2026-03-01T00:00:00+00:00,long,unknown,unknown_no_monotonic,174,False
2026-03-01T06:00:00+00:00,long,unknown,unknown_no_monotonic,174,False
2026-03-01T12:00:00+00:00,long,unknown,unknown_no_monotonic,174,False
2026-03-01T18:00:00+00:00,long,unknown,unknown_no_monotonic,174,False
2026-03-02T00:00:00+00:00,long,unknown,unknown_no_monotonic,174,False
2026-03-02T06:00:00+00:00,long,unknown,unknown_no_monotonic,174,False
2026-03-02T12:00:00+00:00,long,unknown,unknown_no_monotonic,174,False
2026-03-02T18:00:00+00:00,long,unknown,unknown_no_monotonic,174,False
2026-03-03T00:00:00+00:00,long,unknown,unknown_no_monotonic,175,False
2026-03-03T06:00:00+00:00,long,unknown,unknown_no_monotonic,175,False
2026-03-03T12:00:00+00:00,long,unknown,unknown_no_monotonic,175,False
2026-03-03T18:00:00+00:00,long,unknown,unknown_no_monotonic,175,False
2026-03-04T00:00:00+00:00,long,long,m30_resample_closed,176,True
2026-03-04T06:00:00+00:00,long,long,m30_resample_closed,176,True
2026-03-04T12:00:00+00:00,long,long,m30_resample_closed,176,True
2026-03-04T18:00:00+00:00,short,long,m30_resample_closed,176,False
2026-03-05T00:00:00+00:00,long,unknown,unknown_no_monotonic,177,False
2026-03-05T06:00:00+00:00,long,unknown,unknown_no_monotonic,177,False
2026-03-05T12:00:00+00:00,long,unknown,unknown_no_monotonic,177,False
2026-03-05T18:00:00+00:00,long,unknown,unknown_no_monotonic,177,False
2026-03-06T00:00:00+00:00,long,short,m30_resample_closed,178,False
2026-03-06T06:00:00+00:00,long,short,m30_resample_closed,178,False
2026-03-06T12:00:00+00:00,long,short,m30_resample_closed,178,False
2026-03-06T18:00:00+00:00,long,short,m30_resample_closed,178,False
2026-03-07T00:00:00+00:00,long,unknown,unknown_no_monotonic,179,False
2026-03-07T06:00:00+00:00,long,unknown,unknown_no_monotonic,179,False
2026-03-07T12:00:00+00:00,long,unknown,unknown_no_monotonic,179,False
2026-03-07T18:00:00+00:00,long,unknown,unknown_no_monotonic,179,False
2026-03-08T00:00:00+00:00,long,unknown,unknown_no_monotonic,179,False
2026-03-08T06:00:00+00:00,long,unknown,unknown_no_monotonic,179,False
2026-03-08T12:00:00+00:00,long,unknown,unknown_no_monotonic,179,False
2026-03-08T18:00:00+00:00,long,unknown,unknown_no_monotonic,179,False
2026-03-09T00:00:00+00:00,long,unknown,unknown_no_monotonic,179,False
2026-03-09T06:00:00+00:00,short,unknown,unknown_no_monotonic,179,False
2026-03-09T12:00:00+00:00,short,unknown,unknown_no_monotonic,179,False
2026-03-09T18:00:00+00:00,short,unknown,unknown_no_monotonic,179,False
2026-03-10T00:00:00+00:00,short,unknown,unknown_no_monotonic,180,False
2026-03-10T06:00:00+00:00,short,unknown,unknown_no_monotonic,180,False
2026-03-10T12:00:00+00:00,short,unknown,unknown_no_monotonic,180,False
2026-03-10T18:00:00+00:00,short,unknown,unknown_no_monotonic,180,False
2026-03-11T00:00:00+00:00,short,unknown,unknown_no_monotonic,180,False
2026-03-11T06:00:00+00:00,short,unknown,unknown_no_monotonic,180,False
2026-03-11T12:00:00+00:00,short,unknown,unknown_no_monotonic,180,False
2026-03-11T18:00:00+00:00,short,unknown,unknown_no_monotonic,180,False
2026-03-12T00:00:00+00:00,short,unknown,unknown_no_monotonic,180,False
2026-03-12T06:00:00+00:00,short,unknown,unknown_no_monotonic,180,False
2026-03-12T12:00:00+00:00,short,unknown,unknown_no_monotonic,180,False
2026-03-12T18:00:00+00:00,short,unknown,unknown_no_monotonic,180,False
2026-03-13T00:00:00+00:00,short,unknown,unknown_no_monotonic,180,False
2026-03-13T06:00:00+00:00,short,unknown,unknown_no_monotonic,180,False
2026-03-13T12:00:00+00:00,short,unknown,unknown_no_monotonic,180,False
2026-03-13T18:00:00+00:00,short,unknown,unknown_no_monotonic,180,False
2026-03-14T00:00:00+00:00,short,unknown,unknown_no_monotonic,180,False
2026-03-14T06:00:00+00:00,short,unknown,unknown_no_monotonic,180,False
2026-03-14T12:00:00+00:00,short,unknown,unknown_no_monotonic,180,False
2026-03-14T18:00:00+00:00,short,unknown,unknown_no_monotonic,180,False
2026-03-15T00:00:00+00:00,short,unknown,unknown_no_monotonic,180,False
2026-03-15T06:00:00+00:00,short,unknown,unknown_no_monotonic,180,False
2026-03-15T12:00:00+00:00,short,unknown,unknown_no_monotonic,180,False
2026-03-15T18:00:00+00:00,short,unknown,unknown_no_monotonic,180,False
2026-03-16T00:00:00+00:00,long,unknown,unknown_no_monotonic,180,False
2026-03-16T06:00:00+00:00,short,unknown,unknown_no_monotonic,180,False
2026-03-16T12:00:00+00:00,short,unknown,unknown_no_monotonic,180,False
2026-03-16T18:00:00+00:00,short,unknown,unknown_no_monotonic,180,False
2026-03-17T00:00:00+00:00,long,short,m30_resample_closed,181,False
2026-03-17T06:00:00+00:00,long,short,m30_resample_closed,181,False
2026-03-17T12:00:00+00:00,short,short,m30_resample_closed,181,True
2026-03-17T18:00:00+00:00,short,short,m30_resample_closed,181,True
2026-03-18T00:00:00+00:00,short,short,m30_resample_closed,182,True
2026-03-18T06:00:00+00:00,short,short,m30_resample_closed,182,True
2026-03-18T12:00:00+00:00,short,short,m30_resample_closed,182,True
2026-03-18T18:00:00+00:00,short,short,m30_resample_closed,182,True
2026-03-19T00:00:00+00:00,long,short,m30_resample_closed,183,False
2026-03-19T06:00:00+00:00,short,short,m30_resample_closed,183,True
2026-03-19T12:00:00+00:00,short,short,m30_resample_closed,183,True
2026-03-19T18:00:00+00:00,short,short,m30_resample_closed,183,True
2026-03-20T00:00:00+00:00,long,short,m30_resample_closed,184,False
2026-03-20T06:00:00+00:00,long,short,m30_resample_closed,184,False
2026-03-20T12:00:00+00:00,long,short,m30_resample_closed,184,False
2026-03-20T18:00:00+00:00,long,short,m30_resample_closed,184,False
2026-03-21T00:00:00+00:00,long,unknown,unknown_no_monotonic,185,False
2026-03-21T06:00:00+00:00,long,unknown,unknown_no_monotonic,185,False
2026-03-21T12:00:00+00:00,long,unknown,unknown_no_monotonic,185,False
2026-03-21T18:00:00+00:00,long,unknown,unknown_no_monotonic,185,False
2026-03-22T00:00:00+00:00,long,unknown,unknown_no_monotonic,185,False
2026-03-22T06:00:00+00:00,long,unknown,unknown_no_monotonic,185,False
2026-03-22T12:00:00+00:00,long,unknown,unknown_no_monotonic,185,False
2026-03-22T18:00:00+00:00,long,unknown,unknown_no_monotonic,185,False
2026-03-23T00:00:00+00:00,long,unknown,unknown_no_monotonic,185,False
2026-03-23T06:00:00+00:00,long,unknown,unknown_no_monotonic,185,False
2026-03-23T12:00:00+00:00,long,unknown,unknown_no_monotonic,185,False
2026-03-23T18:00:00+00:00,short,unknown,unknown_no_monotonic,185,False
2026-03-24T00:00:00+00:00,long,unknown,unknown_no_monotonic,186,False
2026-03-24T06:00:00+00:00,short,unknown,unknown_no_monotonic,186,False
2026-03-24T12:00:00+00:00,long,unknown,unknown_no_monotonic,186,False
2026-03-24T18:00:00+00:00,long,unknown,unknown_no_monotonic,186,False
2026-03-25T00:00:00+00:00,long,short,m30_resample_closed,187,False
2026-03-25T06:00:00+00:00,long,short,m30_resample_closed,187,False
2026-03-25T12:00:00+00:00,long,short,m30_resample_closed,187,False
2026-03-25T18:00:00+00:00,long,short,m30_resample_closed,187,False
2026-03-26T00:00:00+00:00,long,unknown,unknown_no_monotonic,188,False
2026-03-26T06:00:00+00:00,long,unknown,unknown_no_monotonic,188,False
2026-03-26T12:00:00+00:00,long,unknown,unknown_no_monotonic,188,False
2026-03-26T18:00:00+00:00,long,unknown,unknown_no_monotonic,188,False
2026-03-27T00:00:00+00:00,long,unknown,unknown_no_monotonic,188,False
2026-03-27T06:00:00+00:00,long,unknown,unknown_no_monotonic,188,False
2026-03-27T12:00:00+00:00,long,unknown,unknown_no_monotonic,188,False
2026-03-27T18:00:00+00:00,long,unknown,unknown_no_monotonic,188,False
2026-03-28T00:00:00+00:00,long,long,m30_resample_closed,189,True
2026-03-28T06:00:00+00:00,long,long,m30_resample_closed,189,True
2026-03-28T12:00:00+00:00,long,long,m30_resample_closed,189,True
2026-03-28T18:00:00+00:00,long,long,m30_resample_closed,189,True
2026-03-29T00:00:00+00:00,long,long,m30_resample_closed,189,True
2026-03-29T06:00:00+00:00,long,long,m30_resample_closed,189,True
2026-03-29T12:00:00+00:00,long,long,m30_resample_closed,189,True
2026-03-29T18:00:00+00:00,long,long,m30_resample_closed,189,True
2026-03-30T00:00:00+00:00,long,long,m30_resample_closed,189,True
2026-03-30T06:00:00+00:00,long,long,m30_resample_closed,189,True
2026-03-30T12:00:00+00:00,long,long,m30_resample_closed,189,True
2026-03-30T18:00:00+00:00,long,long,m30_resample_closed,189,True
2026-03-31T00:00:00+00:00,long,long,m30_resample_closed,190,True
2026-03-31T06:00:00+00:00,long,long,m30_resample_closed,190,True
2026-03-31T12:00:00+00:00,long,long,m30_resample_closed,190,True
2026-03-31T18:00:00+00:00,long,long,m30_resample_closed,190,True
2026-04-01T00:00:00+00:00,long,long,m30_resample_closed,191,True
2026-04-01T06:00:00+00:00,long,long,m30_resample_closed,191,True
2026-04-01T12:00:00+00:00,long,long,m30_resample_closed,191,True
2026-04-01T18:00:00+00:00,long,long,m30_resample_closed,191,True
2026-04-02T00:00:00+00:00,short,long,m30_resample_closed,192,False
2026-04-02T06:00:00+00:00,short,long,m30_resample_closed,192,False
2026-04-02T12:00:00+00:00,short,long,m30_resample_closed,192,False
2026-04-02T18:00:00+00:00,short,long,m30_resample_closed,192,False
2026-04-03T00:00:00+00:00,short,unknown,unknown_no_monotonic,193,False
2026-04-03T06:00:00+00:00,short,unknown,unknown_no_monotonic,193,False
2026-04-03T12:00:00+00:00,short,unknown,unknown_no_monotonic,193,False
2026-04-03T18:00:00+00:00,short,unknown,unknown_no_monotonic,193,False
2026-04-04T00:00:00+00:00,short,unknown,unknown_no_monotonic,193,False
2026-04-04T06:00:00+00:00,short,unknown,unknown_no_monotonic,193,False
2026-04-04T12:00:00+00:00,short,unknown,unknown_no_monotonic,193,False
2026-04-04T18:00:00+00:00,short,unknown,unknown_no_monotonic,193,False
2026-04-05T00:00:00+00:00,short,unknown,unknown_no_monotonic,193,False
2026-04-05T06:00:00+00:00,short,unknown,unknown_no_monotonic,193,False
2026-04-05T12:00:00+00:00,short,unknown,unknown_no_monotonic,193,False
2026-04-05T18:00:00+00:00,short,unknown,unknown_no_monotonic,193,False
2026-04-06T00:00:00+00:00,long,unknown,unknown_no_monotonic,193,False
2026-04-06T06:00:00+00:00,short,unknown,unknown_no_monotonic,193,False
2026-04-06T12:00:00+00:00,short,unknown,unknown_no_monotonic,193,False
2026-04-06T18:00:00+00:00,short,unknown,unknown_no_monotonic,193,False
2026-04-07T00:00:00+00:00,long,unknown,unknown_no_monotonic,194,False
2026-04-07T06:00:00+00:00,short,unknown,unknown_no_monotonic,194,False
2026-04-07T12:00:00+00:00,short,unknown,unknown_no_monotonic,194,False
2026-04-07T18:00:00+00:00,long,unknown,unknown_no_monotonic,194,False
2026-04-08T00:00:00+00:00,long,long,m30_resample_closed,195,True
2026-04-08T06:00:00+00:00,long,long,m30_resample_closed,195,True
2026-04-08T12:00:00+00:00,long,long,m30_resample_closed,195,True
2026-04-08T18:00:00+00:00,long,long,m30_resample_closed,195,True
2026-04-09T00:00:00+00:00,long,long,m30_resample_closed,196,True
2026-04-09T06:00:00+00:00,short,long,m30_resample_closed,196,False
2026-04-09T12:00:00+00:00,long,long,m30_resample_closed,196,True
2026-04-09T18:00:00+00:00,long,long,m30_resample_closed,196,True
2026-04-10T00:00:00+00:00,long,unknown,unknown_no_monotonic,197,False
2026-04-10T06:00:00+00:00,long,unknown,unknown_no_monotonic,197,False
2026-04-10T12:00:00+00:00,long,unknown,unknown_no_monotonic,197,False
2026-04-10T18:00:00+00:00,long,unknown,unknown_no_monotonic,197,False
2026-04-11T00:00:00+00:00,long,unknown,unknown_no_monotonic,198,False
2026-04-11T06:00:00+00:00,long,unknown,unknown_no_monotonic,198,False
2026-04-11T12:00:00+00:00,long,unknown,unknown_no_monotonic,198,False
2026-04-11T18:00:00+00:00,long,unknown,unknown_no_monotonic,198,False
2026-04-12T00:00:00+00:00,long,unknown,unknown_no_monotonic,198,False
2026-04-12T06:00:00+00:00,long,unknown,unknown_no_monotonic,198,False
2026-04-12T12:00:00+00:00,long,unknown,unknown_no_monotonic,198,False
2026-04-12T18:00:00+00:00,long,unknown,unknown_no_monotonic,198,False
2026-04-13T00:00:00+00:00,long,unknown,unknown_no_monotonic,198,False
2026-04-13T06:00:00+00:00,short,unknown,unknown_no_monotonic,198,False
2026-04-13T12:00:00+00:00,short,unknown,unknown_no_monotonic,198,False
2026-04-13T18:00:00+00:00,short,unknown,unknown_no_monotonic,198,False
2026-04-14T00:00:00+00:00,long,unknown,unknown_no_monotonic,199,False
2026-04-14T06:00:00+00:00,long,unknown,unknown_no_monotonic,199,False
2026-04-14T12:00:00+00:00,long,unknown,unknown_no_monotonic,199,False
2026-04-14T18:00:00+00:00,long,unknown,unknown_no_monotonic,199,False
2026-04-15T00:00:00+00:00,long,unknown,unknown_no_monotonic,200,False
2026-04-15T06:00:00+00:00,short,unknown,unknown_no_monotonic,200,False
2026-04-15T12:00:00+00:00,short,unknown,unknown_no_monotonic,200,False
2026-04-15T18:00:00+00:00,short,unknown,unknown_no_monotonic,200,False
2026-04-16T00:00:00+00:00,long,unknown,unknown_no_monotonic,201,False
2026-04-16T06:00:00+00:00,short,unknown,unknown_no_monotonic,201,False
2026-04-16T12:00:00+00:00,short,unknown,unknown_no_monotonic,201,False
2026-04-16T18:00:00+00:00,short,unknown,unknown_no_monotonic,201,False
2026-04-17T00:00:00+00:00,long,short,m30_resample_closed,202,False
2026-04-17T06:00:00+00:00,long,short,m30_resample_closed,202,False
2026-04-17T12:00:00+00:00,long,short,m30_resample_closed,202,False
2026-04-17T18:00:00+00:00,long,short,m30_resample_closed,202,False
2026-04-18T00:00:00+00:00,long,unknown,unknown_no_monotonic,203,False
2026-04-18T06:00:00+00:00,long,unknown,unknown_no_monotonic,203,False
2026-04-18T12:00:00+00:00,long,unknown,unknown_no_monotonic,203,False
2026-04-18T18:00:00+00:00,long,unknown,unknown_no_monotonic,203,False
2026-04-19T00:00:00+00:00,long,unknown,unknown_no_monotonic,203,False
2026-04-19T06:00:00+00:00,long,unknown,unknown_no_monotonic,203,False
2026-04-19T12:00:00+00:00,long,unknown,unknown_no_monotonic,203,False
2026-04-19T18:00:00+00:00,long,unknown,unknown_no_monotonic,203,False
2026-04-20T00:00:00+00:00,long,unknown,unknown_no_monotonic,204,False
2026-04-20T06:00:00+00:00,short,unknown,unknown_no_monotonic,204,False
2026-04-20T12:00:00+00:00,short,unknown,unknown_no_monotonic,204,False
2026-04-20T18:00:00+00:00,short,unknown,unknown_no_monotonic,204,False
2026-04-21T00:00:00+00:00,long,unknown,unknown_no_monotonic,205,False
2026-04-21T06:00:00+00:00,long,unknown,unknown_no_monotonic,205,False
2026-04-21T12:00:00+00:00,short,unknown,unknown_no_monotonic,205,False
2026-04-21T18:00:00+00:00,short,unknown,unknown_no_monotonic,205,False
2026-04-22T00:00:00+00:00,long,short,m30_resample_closed,206,False
2026-04-22T06:00:00+00:00,long,short,m30_resample_closed,206,False
2026-04-22T12:00:00+00:00,long,short,m30_resample_closed,206,False
2026-04-22T18:00:00+00:00,long,short,m30_resample_closed,206,False
2026-04-23T00:00:00+00:00,long,short,m30_resample_closed,207,False
2026-04-23T06:00:00+00:00,short,short,m30_resample_closed,207,True
2026-04-23T12:00:00+00:00,short,short,m30_resample_closed,207,True
2026-04-23T18:00:00+00:00,short,short,m30_resample_closed,207,True
2026-04-24T00:00:00+00:00,long,short,m30_resample_closed,208,False
2026-04-24T06:00:00+00:00,short,short,m30_resample_closed,208,True
2026-04-24T12:00:00+00:00,short,short,m30_resample_closed,208,True
2026-04-24T18:00:00+00:00,short,short,m30_resample_closed,208,True
2026-04-25T00:00:00+00:00,long,unknown,unknown_no_monotonic,209,False
2026-04-25T06:00:00+00:00,long,unknown,unknown_no_monotonic,209,False
2026-04-25T12:00:00+00:00,long,unknown,unknown_no_monotonic,209,False
2026-04-25T18:00:00+00:00,long,unknown,unknown_no_monotonic,209,False
2026-04-26T00:00:00+00:00,long,unknown,unknown_no_monotonic,209,False
