bars_dh_gt_5,date,day_dH_m30,day_dL_m30,m30_bars,max_dh_m30,max_dl_m30,mean_dh_m30,pq_H_m30,raw_H_m30,status
0,2025-12-01,-23.600000000000364,9.300000000000182,5,0.0,0.0,0.0,4299.6,4276.0,OK
2,2025-12-02,0.0,0.0,45,6.199999999999818,16.300000000000182,0.3333333333333333,4262.9,4262.9,OK
0,2025-12-03,0.0,0.0,46,0.0,0.0,0.0,4273.3,4273.3,OK
0,2025-12-04,0.0,0.0,45,0.3000000000001819,0.6000000000003638,0.011111111111131323,4251.1,4251.1,OK
0,2025-12-05,0.0,0.0,44,3.0999999999994543,0.0,0.07500000000000413,4290.5,4290.5,OK
0,2025-12-07,0.0,0.0,2,0.0,0.0,0.0,4236.5,4236.5,OK
0,2025-12-08,0.0,1.3999999999996362,45,4.399999999999636,10.600000000000364,0.17111111111112728,4247.9,4247.9,OK
0,2025-12-09,0.0,0.0,46,0.0,0.0,0.0,4251.7,4251.7,OK
7,2025-12-10,0.0,0.0,46,37.5,40.19999999999982,3.526086956521735,4268.8,4268.8,OK
0,2025-12-11,0.0,0.0,46,0.0,0.0,0.0,4317.3,4317.3,OK
12,2025-12-12,0.0,0.0,43,14.200000000000728,22.0,2.911627906976761,4387.8,4387.8,OK
,2025-12-13,,,,,,,,,PQ_EMPTY_M30
0,2025-12-14,0.0,0.0,2,0.0,0.0,0.0,4339.3,4339.3,OK
0,2025-12-15,0.0,0.0,46,0.0,0.0,0.0,4384.3,4384.3,OK
0,2025-12-16,0.0,0.0,46,0.1000000000003638,0.0,0.0021739130434861695,4367.9,4367.9,OK
2,2025-12-17,0.0,0.0,46,11.699999999999818,7.399999999999636,0.5217391304348024,4383.6,4383.6,OK
0,2025-12-18,0.0,0.0,46,0.5,0.0,0.010869565217391304,4409.5,4409.5,OK
0,2025-12-19,0.0,0.0,44,0.0,0.0,0.0,4389.0,4389.0,OK
0,2025-12-21,0.0,0.0,2,0.0,0.0,0.0,4386.2,4386.2,OK
0,2025-12-22,0.0,0.0,46,0.0,0.1000000000003638,0.0,4494.2,4494.2,OK
5,2025-12-23,0.0,0.0,43,7.800000000000182,12.100000000000364,1.3976744186047019,4540.6,4540.6,OK
0,2025-12-24,0.0,0.0,38,0.0,0.0,0.0,4555.1,4555.1,OK
0,2025-12-25,0.0,0.0,2,0.0,0.0,0.0,4541.8,4541.8,OK
1,2025-12-26,0.0,0.0,44,7.599999999999454,6.399999999999636,0.48409090909089253,4584.0,4584.0,OK
0,2025-12-28,0.0,0.0,2,0.0,0.0,0.0,4581.3,4581.3,OK
0,2025-12-29,0.0,0.0,46,0.0,0.0,0.0,4551.9,4551.9,OK
0,2025-12-30,0.0,0.0,46,0.0,0.0,0.0,4420.5,4420.5,OK
0,2025-12-31,0.0,0.0,44,0.0,0.0,0.0,4384.9,4384.9,OK
0,2026-01-01,0.0,0.0,2,0.0,0.0,0.0,4364.8,4364.8,OK
0,2026-01-02,0.0,0.0,44,2.800000000000182,0.0,0.06363636363636777,4414.8,4414.8,OK
,2026-01-04,,,,,,,,,PQ_EMPTY_M30
0,2026-01-05,0.8500000000003638,-0.0999999999994543,46,1.3499999999994543,1.6499999999996362,0.27500000000017005,4470.75,4471.6,OK
0,2026-01-06,0.3499999999994543,-0.6000000000003638,46,0.5,0.6999999999998181,0.19782608695645057,4512.05,4512.4,OK
0,2026-01-07,0.1000000000003638,-0.25,47,0.6999999999998181,2.550000000000182,0.2095744680850367,4506.799999999999,4506.9,OK
0,2026-01-08,0.3499999999994543,-0.5499999999992724,46,0.9499999999989086,0.8000000000001819,0.23369565217385374,4493.35,4493.7,OK
0,2026-01-09,0.3500000000003638,-0.1500000000005457,44,0.4499999999998181,1.449999999999818,0.17727272727277274,4526.65,4527.0,OK
,2026-01-11,,,,,,,,,PQ_EMPTY_M30
0,2026-01-12,0.25,-0.0999999999994543,46,1.0,1.300000000000182,0.22065217391305533,4640.25,4640.5,OK
0,2026-01-13,0.5499999999992724,-0.9499999999998181,46,0.6500000000005457,2.4000000000005457,0.1923913043478933,4643.450000000001,4644.0,OK
0,2026-01-14,0.0500000000001819,0.1999999999998181,46,1.0,1.949999999999818,0.2543478260870119,4650.45,4650.5,OK
0,2026-01-15,1.1500000000005457,-0.9499999999998181,46,1.1500000000005457,2.2999999999992724,0.1934782608695771,4628.95,4630.1,OK
0,2026-01-16,0.1499999999996362,-1.5,44,0.7499999999990905,1.5,0.17272727272730168,4624.450000000001,4624.6,OK
,2026-01-18,,,,,,,,,PQ_EMPTY_M30
0,2026-01-19,0.1999999999998181,-0.2999999999992724,41,0.4499999999998181,0.5500000000001819,0.167073170731694,4688.3,4688.5,OK
0,2026-01-20,0.1499999999996362,-0.5,46,0.8000000000010914,0.75,0.24021739130439132,4784.75,4784.9,OK
0,2026-01-21,0.75,-0.9499999999998181,46,1.4999999999990905,1.449999999999818,0.2902173913043162,4890.35,4891.1,OK
0,2026-01-22,0.7999999999992724,-0.1999999999998181,46,1.800000000000182,4.149999999999636,0.24130434782615418,4963.200000000001,4964.0,OK
0,2026-01-23,0.4499999999989086,-0.1999999999998181,44,0.5499999999992724,1.300000000000182,0.2113636363635785,4990.950000000001,4991.4,OK
0,2026-02-02,0.6999999999998181,-0.9500000000007276,10,1.7000000000007276,8.199999999999818,0.6099999999999455,4799.2,4799.9,OK
0,2026-02-03,0.3500000000003638,-0.0500000000001819,46,4.100000000000364,9.049999999999272,0.7413043478260356,5017.75,5018.1,OK
0,2026-02-04,0.5,-7.650000000000546,46,1.9000000000005457,7.650000000000546,0.519565217391336,5113.4,5113.9,OK
1,2026-02-05,0.1499999999996362,-0.5000000000009095,46,5.850000000000364,6.5,0.9445652173913202,5041.75,5041.9,OK
0,2026-02-06,0.050000000001091394,-1.6000000000003638,44,2.25,5.350000000000364,0.5806818181818637,4995.549999999999,4995.6,OK
,2026-02-08,,,,,,,,,PQ_EMPTY_M30
0,2026-02-09,0.9000000000005457,-1.550000000000182,46,2.300000000000182,2.100000000000364,0.664130434782573,5110.2,5111.1,OK
0,2026-02-10,0.8499999999994543,-0.8000000000001819,46,1.6499999999996362,4.100000000000364,0.46847826086952965,5101.85,5102.7,OK
0,2026-02-11,0.3999999999996362,-5.849999999999454,46,2.300000000000182,5.849999999999454,0.5413043478261581,5144.1,5144.5,OK
1,2026-02-12,0.25,-0.5500000000001819,46,6.0,2.25,0.5902173913043399,5106.45,5106.7,OK
14,2026-02-13,35.30000000000109,-0.3999999999996362,44,37.5,29.150000000000546,10.161363636363687,5033.799999999999,5069.1,OK
,2026-02-15,,,,,,,,,PQ_EMPTY_M30
0,2026-02-16,1.1000000000003638,-0.8000000000001819,41,1.550000000000182,6.850000000000364,0.3207317073170643,5050.299999999999,5051.4,OK
0,2026-02-17,0.3999999999996362,-4.550000000000182,46,2.4500000000007276,13.399999999999636,0.6499999999999525,5011.200000000001,5011.6,OK
0,2026-02-18,0.0999999999994543,0.3500000000003638,46,3.5,5.649999999999636,0.5326086956521542,5031.8,5031.9,OK
0,2026-02-19,0.5,-0.6499999999996362,46,0.9000000000005457,4.449999999999818,0.30760869565216603,5042.3,5042.8,OK
0,2026-02-20,0.3999999999996362,-0.8000000000001819,44,1.8500000000003638,1.5,0.34090909090913224,5130.6,5131.0,OK
,2026-02-22,,,,,,,,,PQ_EMPTY_M30
0,2026-02-23,0.6999999999989086,-0.5500000000001819,46,0.8999999999996362,2.699999999999818,0.2576086956520632,5268.700000000001,5269.4,OK
0,2026-02-24,0.1999999999998181,-1.449999999999818,46,2.199999999999818,4.150000000000546,0.3173913043479131,5257.2,5257.4,OK
0,2026-02-25,0.1000000000003638,-1.3499999999994543,44,1.4000000000005457,2.8499999999994543,0.35454545454535946,5237.2,5237.3,OK
13,2026-02-26,0.3999999999996362,-12.75,46,28.5,22.099999999999454,5.9032608695652415,5221.5,5221.9,OK
1,2026-02-27,0.4499999999998181,-0.8000000000001819,44,10.0,5.199999999999818,0.5579545454545496,5298.55,5299.0,OK
,2026-03-01,,,,,,,,,PQ_EMPTY_M30
0,2026-03-02,0.3500000000003638,-2.1500000000005457,46,2.100000000000364,4.75,0.5217391304348024,5433.75,5434.1,OK
0,2026-03-03,-0.0500000000001819,-0.25,16,2.100000000000364,2.5499999999992724,0.537499999999909,5394.25,5394.2,OK
0,2026-03-04,0.9000000000005457,-0.8000000000001819,15,0.9000000000005457,3.800000000000182,0.3400000000000849,5176.9,5177.8,OK
1,2026-03-05,0.1500000000005457,-0.8500000000003638,46,6.300000000000182,6.100000000000364,0.45326086956530437,5204.15,5204.3,OK
11,2026-03-06,1.050000000000182,-1.0,44,43.44999999999982,35.150000000000546,8.655681818181785,5183.95,5185.0,OK
,2026-03-08,,,,,,,,,PQ_EMPTY_M30
0,2026-03-09,1.4999999999990905,-0.4000000000005457,40,1.4999999999990905,2.600000000000364,0.3112499999998818,5153.200000000001,5154.7,OK
,2026-03-15,,,,,,,,,PQ_EMPTY_M30
0,2026-03-16,0.6000000000003638,-0.1999999999998181,46,3.149999999999636,2.550000000000182,0.3945652173913162,5043.9,5044.5,OK
0,2026-03-17,0.2999999999992724,-0.75,46,2.6500000000005457,10.74999999999909,0.3086956521737707,5049.1,5049.4,OK
0,2026-03-18,1.199999999999818,-1.3500000000003638,46,1.199999999999818,1.4500000000007276,0.3673913043477391,5020.8,5022.0,OK
6,2026-03-19,0.4000000000005457,-0.6499999999996362,46,41.19999999999982,14.550000000000182,4.138043478260739,4868.299999999999,4868.7,OK
0,2026-03-20,1.3999999999996362,-0.6500000000005457,42,1.7499999999990905,1.949999999999818,0.36190476190471427,4736.8,4738.2,OK
0,2026-03-23,0.3000000000001819,-0.1000000000003638,12,0.6500000000005457,0.7499999999990905,0.3749999999998484,4469.2,4469.5,OK
3,2026-03-24,1.7999999999992724,-0.8999999999996362,46,8.949999999999818,5.5,1.133695652173925,4553.200000000001,4555.0,OK
0,2026-03-25,0.2999999999992724,-0.5500000000001819,5,0.5,1.1500000000005457,0.3099999999998545,4599.700000000001,4600.0,OK
1,2026-03-27,-1.3500000000003638,2.300000000000182,8,8.400000000000546,12.699999999999818,2.900000000000091,4527.35,4526.0,OK
,2026-03-29,,,,,,,,,PQ_EMPTY_M30
0,2026-03-30,1.2999999999992724,-3.100000000000364,46,2.149999999999636,3.100000000000364,0.4858695652172608,4610.1,4611.4,OK
1,2026-03-31,0.6500000000005457,-1.25,46,7.0,8.199999999999818,0.8304347826087313,4728.15,4728.8,OK
1,2026-04-01,5.099999999999454,-0.25,43,10.100000000000364,5.199999999999818,0.6104651162789851,4820.8,4825.9,OK
7,2026-04-02,0.049999999999272404,-0.4500000000007276,42,35.849999999999454,27.299999999999272,4.258333333333212,4823.85,4823.9,OK
1,2026-04-05,1.25,-27.100000000000364,1,6.850000000000364,19.200000000000728,6.850000000000364,4698.05,4699.3,OK
2,2026-04-06,0.3500000000003638,-0.5,43,6.25,3.5,0.6174418604651628,4732.75,4733.1,OK
1,2026-04-07,89.94999999999982,-9.75,43,5.75,22.600000000000364,0.7662790697673318,4773.55,4863.5,OK
7,2026-04-08,2.649999999999636,-3.949999999999818,43,15.900000000000546,29.849999999999454,2.3500000000000676,4885.35,4888.0,OK
2,2026-04-09,7.300000000000182,-2.9499999999989086,30,7.300000000000182,15.849999999999454,0.8433333333333697,4795.5,4802.8,OK
0,2026-04-10,0.1999999999998181,-1.050000000000182,23,0.7999999999992724,1.4000000000005457,0.3043478260867588,4819.3,4819.5,OK
1,2026-04-12,-6.5,-6.5,4,6.5,6.5,1.949999999999818,4721.5,4715.0,OK
0,2026-04-13,0.1999999999998181,0.0999999999994543,46,2.5499999999992724,1.5,0.33369565217392094,4789.5,4789.7,OK
1,2026-04-14,0.5500000000010914,-2.2499999999990905,46,10.5,3.2000000000007276,0.8478260869565217,4874.049999999999,4874.6,OK
0,2026-04-15,0.25,-1.1499999999996362,47,1.75,1.550000000000182,0.37765957446806575,4895.15,4895.4,OK
0,2026-04-16,0.3499999999994543,-3.25,46,1.300000000000182,3.25,0.31413043478266406,4860.950000000001,4861.3,OK
5,2026-04-17,6.0,-2.100000000000364,43,11.0,6.300000000000182,1.2767441860465243,4911.7,4917.7,OK
0,2026-04-19,-44.100000000000364,-5.049999999999272,4,0.2999999999992724,5.649999999999636,0.17499999999995453,4859.1,4815.0,OK
0,2026-04-20,1.1500000000005457,-1.300000000000182,47,4.649999999999636,2.850000000000364,0.4617021276594738,4853.65,4854.8,OK
0,2026-04-21,0.0999999999994543,-1.2999999999992724,38,3.350000000000364,12.399999999999636,0.5671052631578756,4851.1,4851.2,OK
0,2026-04-22,0.9499999999998181,-0.2999999999992724,46,1.800000000000182,1.550000000000182,0.4173913043477826,4789.85,4790.8,OK
4,2026-04-23,1.199999999999818,-0.1999999999989086,46,8.0,15.400000000000546,1.768478260869494,4770.1,4771.3,OK
2,2026-04-24,1.050000000000182,-0.6000000000003638,29,14.599999999999454,8.5,1.5206896551724578,4754.65,4755.7,OK
