decision_id,entry_ts,direction,entry_mode,entry_price,sl,tp1,tp2,atr_m30,score,score_detail,exit_ts,exit_reason,exit_price,pnl_usd,duration_min,mfe_pts,mae_pts
0b00de12,2026-05-05 22:03:54.967214+00:00,SHORT,,4533.5,4553.5,4513.5,4483.5,14.8,1,production_score,2026-05-05 22:04:00+00:00,SL_HIT,4553.5,-120.0,0,0.0,30.199999999999818
6082b493,2026-05-05 22:04:02.143627+00:00,LONG,,4532.15,4512.15,4552.15,4582.15,14.8,1,production_score,2026-05-05 23:02:00+00:00,TP1_THEN_TP2,4582.15,210.0,57,55.05000000000018,0.0
b944b4df,2026-05-06 00:48:38.419206+00:00,SHORT,,4589.35,4609.35,4569.35,4539.35,22.6,1,production_score,2026-05-06 00:49:00+00:00,SL_HIT,4609.35,-120.0,0,0.0,30.849999999999454
48f1836a,2026-05-06 00:49:45.254270+00:00,SHORT,,4590.2,4610.2,4570.2,4540.2,22.6,1,production_score,2026-05-06 01:03:00+00:00,SL_HIT,4610.2,-120.0,13,0.0,38.80000000000018
274fd8c6,2026-05-06 01:08:04.773470+00:00,SHORT,,4591.2,4611.2,4571.2,4541.2,34.05,1,production_score,2026-05-06 01:09:00+00:00,SL_HIT,4611.2,-120.0,0,0.0,31.900000000000546
3029dea0,2026-05-06 02:01:09.172183+00:00,SHORT,,4605.85,4625.85,4585.85,4555.85,39.95,1,production_score,2026-05-06 02:13:00+00:00,SL_HIT,4625.85,-120.0,11,0.0,33.75
ef439969,2026-05-06 04:09:08.825798+00:00,SHORT,,4624.75,4644.75,4604.75,4574.75,4.13,1,production_score,2026-05-06 04:20:00+00:00,SL_HIT,4644.75,-120.0,10,0.0,34.44999999999982
b585d8bd,2026-05-06 04:22:16.959391+00:00,SHORT,,4625.6,4645.6,4605.6,4575.6,40.7,1,production_score,2026-05-06 04:23:00+00:00,SL_HIT,4645.6,-120.0,0,0.0,31.0
2e6ce41a,2026-05-06 04:23:49.763915+00:00,SHORT,RANGE,4625.3,4645.3,4605.3,4575.3,4.01,1,production_score,2026-05-06 04:37:00+00:00,SL_HIT,4645.3,-120.0,13,0.0,39.099999999999454
58286705,2026-05-06 04:38:57.532747+00:00,SHORT,,4628.95,4648.95,4608.95,4578.95,42.65,1,production_score,2026-05-06 04:39:00+00:00,SL_HIT,4648.95,-120.0,0,0.0,31.350000000000364
4317e347,2026-05-06 04:39:01.515388+00:00,SHORT,,4628.6,4648.6,4608.6,4578.6,42.65,1,production_score,2026-05-06 04:40:00+00:00,SL_HIT,4648.6,-120.0,0,0.0,31.799999999999272
cd71fd48,2026-05-06 04:40:45.934848+00:00,SHORT,,4629.25,4649.25,4609.25,4579.25,42.65,1,production_score,2026-05-06 04:41:00+00:00,SL_HIT,4649.25,-120.0,0,0.0,31.350000000000364
76b868ab,2026-05-06 04:41:08.797191+00:00,SHORT,,4629.25,4649.25,4609.25,4579.25,42.65,1,production_score,2026-05-06 04:42:00+00:00,SL_HIT,4649.25,-120.0,0,0.0,29.949999999999818
cf00209a,2026-05-06 04:42:28.581582+00:00,SHORT,,4627.2,4647.2,4607.2,4577.2,42.65,1,production_score,2026-05-06 04:43:00+00:00,SL_HIT,4647.2,-120.0,0,0.0,30.300000000000182
e9a27b8d,2026-05-06 04:44:11.996626+00:00,SHORT,,4626.4,4646.4,4606.4,4576.4,42.65,1,production_score,2026-05-06 04:45:00+00:00,SL_HIT,4646.4,-120.0,0,0.0,33.0
5da14cb2,2026-05-06 07:11:56.591074+00:00,LONG,,4644.3,4624.3,4664.3,4694.3,20.75,1,production_score,2026-05-06 08:50:00+00:00,TP1_THEN_TP2,4694.3,210.0,98,67.30000000000018,0.0
d304e419,2026-05-06 10:09:28.982927+00:00,LONG,,4677.65,4657.65,4697.65,4727.65,17.1,1,production_score,2026-05-06 10:53:00+00:00,TP1_THEN_TP2,4727.65,210.0,43,50.75,0.0
0009f974,2026-05-06 14:07:43.636583+00:00,LONG,,4680.75,4660.75,4700.75,4730.75,33.05,1,production_score,2026-05-06 14:30:00+00:00,TP1_THEN_BE,4716.1,166.0500000000011,22,47.94999999999982,0.0
5f48bc2a,2026-05-06 14:30:27.645303+00:00,LONG,,4686.4,4666.4,4706.4,4736.4,24.85,1,production_score,2026-05-06 14:54:00+00:00,TP1_THEN_BE,4712.7,138.90000000000055,23,39.600000000000364,0.0
4e11ee2a,2026-05-06 14:56:52.907631+00:00,LONG,RANGE,4685.95,4665.95,4705.95,4735.95,19.7,1,production_score,2026-05-06 15:34:00+00:00,TP1_THEN_BE,4705.2,117.75,37,31.350000000000364,0.0
f49c0c16,2026-05-06 17:31:05.970754+00:00,LONG,,4662.05,4642.05,4682.05,4712.05,12.35,1,production_score,2026-05-06 20:46:00+00:00,TP1_THEN_BE,4698.2,168.4499999999989,194,48.94999999999982,0.0
145d3e9e,2026-05-06 22:02:47.447506+00:00,LONG,,4672.0,4652.0,4692.0,4722.0,23.7,1,production_score,2026-05-07 00:42:00+00:00,TP1_THEN_BE,4697.2,135.59999999999945,159,38.30000000000018,0.0
7c487e6b,2026-05-07 01:06:20.429433+00:00,LONG,OVEREXTENSION,4670.8,4650.8,4690.8,4720.8,15.85,1,production_score,2026-05-07 01:16:00+00:00,TP1_THEN_TP2,4720.8,210.0,9,51.599999999999454,0.0
503ce5be,2026-05-07 01:36:01.108784+00:00,SHORT,,4685.75,4705.75,4665.75,4635.75,31.35,1,production_score,2026-05-07 01:37:00+00:00,SL_HIT,4705.75,-120.0,0,0.0,32.25
f214895a,2026-05-07 01:37:09.723745+00:00,SHORT,OVEREXTENSION,4686.75,4706.75,4666.75,4636.75,31.35,1,production_score,2026-05-07 01:42:00+00:00,SL_HIT,4706.75,-120.0,4,0.0,40.55000000000018
4c65ef01,2026-05-07 01:43:32.104343+00:00,SHORT,OVEREXTENSION,4689.3,4709.3,4669.3,4639.3,31.6,1,production_score,2026-05-07 01:44:00+00:00,SL_HIT,4709.3,-120.0,0,0.0,33.5
2518e124,2026-05-07 01:44:41.933003+00:00,SHORT,,4690.45,4710.45,4670.45,4640.45,31.6,1,production_score,2026-05-07 01:45:00+00:00,SL_HIT,4710.45,-120.0,0,0.0,31.850000000000364
621b33b3,2026-05-07 02:48:42.665523+00:00,SHORT,,4683.3,4703.3,4663.3,4633.3,35.8,1,production_score,2026-05-07 02:49:00+00:00,SL_HIT,4703.3,-120.0,0,0.0,32.19999999999982
0df789e5,2026-05-07 02:50:07.388847+00:00,SHORT,,4684.25,4704.25,4664.25,4634.25,35.8,1,production_score,2026-05-07 02:51:00+00:00,SL_HIT,4704.25,-120.0,0,0.0,31.449999999999818
2488ca23,2026-05-07 02:51:35.887540+00:00,SHORT,,4683.65,4703.65,4663.65,4633.65,35.8,1,production_score,2026-05-07 02:52:00+00:00,SL_HIT,4703.65,-120.0,0,0.0,30.350000000000364
e2b99700,2026-05-07 02:53:50.607416+00:00,SHORT,,4682.45,4702.45,4662.45,4632.45,35.8,1,production_score,2026-05-07 02:54:00+00:00,SL_HIT,4702.45,-120.0,0,0.0,33.05000000000018
271addde,2026-05-07 02:56:05.505485+00:00,SHORT,,4683.9,4703.9,4663.9,4633.9,35.8,1,production_score,2026-05-07 02:57:00+00:00,SL_HIT,4703.9,-120.0,0,0.0,33.900000000000546
95e9d542,2026-05-07 02:57:20.550483+00:00,SHORT,OVEREXTENSION,4686.1,4706.1,4666.1,4636.1,35.8,1,production_score,2026-05-07 02:58:00+00:00,SL_HIT,4706.1,-120.0,0,0.0,32.5
5bab4f46,2026-05-07 02:58:56.685747+00:00,SHORT,,4686.8,4706.8,4666.8,4636.8,35.8,1,production_score,2026-05-07 02:59:00+00:00,SL_HIT,4706.8,-120.0,0,0.0,31.099999999999454
8a1480c7,2026-05-07 03:00:06.414490+00:00,SHORT,,4685.35,4705.35,4665.35,4635.35,35.8,1,production_score,2026-05-07 03:01:00+00:00,SL_HIT,4705.35,-120.0,0,0.0,29.25
cdef383b,2026-05-07 03:01:44.834277+00:00,SHORT,,4683.15,4703.15,4663.15,4633.15,35.8,1,production_score,2026-05-07 03:02:00+00:00,SL_HIT,4703.15,-120.0,0,0.0,32.45000000000073
301ea97b,2026-05-07 03:02:57.475595+00:00,SHORT,OVEREXTENSION,4684.25,4704.25,4664.25,4634.25,35.8,1,production_score,2026-05-07 03:03:00+00:00,SL_HIT,4704.25,-120.0,0,0.0,31.550000000000182
9378167f,2026-05-07 03:04:50.918431+00:00,SHORT,OVEREXTENSION,4683.7,4703.7,4663.7,4633.7,35.8,1,production_score,2026-05-07 03:10:00+00:00,SL_HIT,4703.7,-120.0,5,0.0,34.900000000000546
15810fce,2026-05-07 03:11:50.948258+00:00,SHORT,,4685.35,4705.35,4665.35,4635.35,35.8,1,production_score,2026-05-07 03:12:00+00:00,SL_HIT,4705.35,-120.0,0,0.0,30.649999999999636
a2d2c3b5,2026-05-07 03:13:31.944590+00:00,LONG,,4682.25,4662.25,4702.25,4732.25,35.8,1,production_score,2026-05-07 04:36:00+00:00,TP1_THEN_BE,4703.3,123.15000000000055,82,33.25,0.0
ea701099,2026-05-07 04:40:09.748653+00:00,SHORT,PULLBACK,4673.35,4693.35,4653.35,4623.35,28.15,1,production_score,2026-05-07 04:41:00+00:00,SL_HIT,4693.35,-120.0,0,0.0,33.94999999999982
bcb5af24,2026-05-07 04:41:29.820336+00:00,SHORT,,4675.9,4695.9,4655.9,4625.9,28.15,1,production_score,2026-05-07 04:42:00+00:00,SL_HIT,4695.9,-120.0,0,0.0,31.200000000000728
3d2f7c0f,2026-05-07 04:43:06.539522+00:00,SHORT,,4675.75,4695.75,4655.75,4625.75,28.15,1,production_score,2026-05-07 04:44:00+00:00,SL_HIT,4695.75,-120.0,0,0.0,30.949999999999818
f37099ce,2026-05-07 04:44:45.705650+00:00,SHORT,,4675.4,4695.4,4655.4,4625.4,28.15,1,production_score,2026-05-07 04:45:00+00:00,SL_HIT,4695.4,-120.0,0,0.0,31.200000000000728
f754a1bc,2026-05-07 04:45:02.033286+00:00,SHORT,PULLBACK,4675.4,4695.4,4655.4,4625.4,28.15,1,production_score,2026-05-07 04:46:00+00:00,SL_HIT,4695.4,-120.0,0,0.0,31.400000000000546
91b2c041,2026-05-07 04:46:22.336519+00:00,SHORT,,4675.7,4695.7,4655.7,4625.7,28.15,1,production_score,2026-05-07 04:47:00+00:00,SL_HIT,4695.7,-120.0,0,0.0,30.5
d92338b4,2026-05-07 04:47:42.183200+00:00,SHORT,,4673.8,4693.8,4653.8,4623.8,28.15,1,production_score,2026-05-07 04:48:00+00:00,SL_HIT,4693.8,-120.0,0,0.0,31.399999999999636
1fa4294f,2026-05-07 04:49:20.428977+00:00,SHORT,,4673.65,4693.65,4653.65,4623.65,28.15,1,production_score,2026-05-07 04:50:00+00:00,SL_HIT,4693.65,-120.0,0,0.0,30.75
fb0a507d,2026-05-07 04:50:54.485406+00:00,SHORT,,4673.2,4693.2,4653.2,4623.2,28.15,1,production_score,2026-05-07 04:51:00+00:00,SL_HIT,4693.2,-120.0,0,0.0,31.699999999999818
99e5fe4d,2026-05-07 04:51:02.751703+00:00,SHORT,,4673.2,4693.2,4653.2,4623.2,28.15,1,production_score,2026-05-07 05:01:00+00:00,SL_HIT,4693.2,-120.0,9,0.0,33.30000000000018
55613183,2026-05-07 05:03:28.805621+00:00,SHORT,,4678.0,4698.0,4658.0,4628.0,28.15,1,production_score,2026-05-07 05:04:00+00:00,SL_HIT,4698.0,-120.0,0,0.0,30.899999999999636
c2f4236d,2026-05-07 05:04:31.456570+00:00,SHORT,,4678.1,4698.1,4658.1,4628.1,28.15,1,production_score,2026-05-07 05:05:00+00:00,SL_HIT,4698.1,-120.0,0,0.0,30.299999999999272
3534599c,2026-05-07 05:05:33.606275+00:00,SHORT,,4677.0,4697.0,4657.0,4627.0,28.15,1,production_score,2026-05-07 05:13:00+00:00,SL_HIT,4697.0,-120.0,7,0.0,32.399999999999636
3c9b1b81,2026-05-07 05:18:41.367049+00:00,SHORT,,4674.55,4694.55,4654.55,4624.55,28.15,1,production_score,2026-05-07 05:19:00+00:00,SL_HIT,4694.55,-120.0,0,0.0,31.349999999999454
7e78da79,2026-05-07 05:19:50.759672+00:00,SHORT,,4674.65,4694.65,4654.65,4624.65,28.15,1,production_score,2026-05-07 05:20:00+00:00,SL_HIT,4694.65,-120.0,0,0.0,29.850000000000364
7d757976,2026-05-07 05:21:01.689785+00:00,SHORT,,4672.3,4692.3,4652.3,4622.3,28.15,1,production_score,2026-05-07 05:22:00+00:00,SL_HIT,4692.3,-120.0,0,0.0,32.80000000000018
b2410fbc,2026-05-07 05:22:06.752217+00:00,SHORT,,4673.7,4693.7,4653.7,4623.7,28.15,1,production_score,2026-05-07 05:23:00+00:00,SL_HIT,4693.7,-120.0,0,0.0,31.600000000000364
d939a943,2026-05-07 05:23:14.872141+00:00,SHORT,,4673.45,4693.45,4653.45,4623.45,28.15,1,production_score,2026-05-07 05:24:00+00:00,SL_HIT,4693.45,-120.0,0,0.0,32.650000000000546
43135c5d,2026-05-07 05:24:20.016469+00:00,SHORT,,4674.8,4694.8,4654.8,4624.8,28.15,1,production_score,2026-05-07 05:28:00+00:00,SL_HIT,4694.8,-120.0,3,0.0,29.800000000000182
ad38e4ae,2026-05-07 05:28:50.318644+00:00,SHORT,,4672.4,4692.4,4652.4,4622.4,28.15,1,production_score,2026-05-07 05:37:00+00:00,SL_HIT,4692.4,-120.0,8,0.0,41.70000000000073
11e145a3,2026-05-07 05:40:15.309677+00:00,SHORT,OVEREXTENSION,4682.7,4702.7,4662.7,4632.7,28.15,1,production_score,2026-05-07 05:41:00+00:00,SL_HIT,4702.7,-120.0,0,0.0,30.300000000000182
7f126c40,2026-05-07 05:42:29.072826+00:00,SHORT,,4681.4,4701.4,4661.4,4631.4,28.15,1,production_score,2026-05-07 05:43:00+00:00,SL_HIT,4701.4,-120.0,0,0.0,32.900000000000546
9a8e8950,2026-05-07 05:43:50.770771+00:00,SHORT,,4682.75,4702.75,4662.75,4632.75,28.15,1,production_score,2026-05-07 05:44:00+00:00,SL_HIT,4702.75,-120.0,0,0.0,31.25
eb05528c,2026-05-07 06:04:18.540287+00:00,LONG,,4683.25,4702.3,4686.36,4689.09,3.89,1,production_score,2026-05-07 06:05:00+00:00,TP1_THEN_TP2,4689.09,26.849999999999454,0,31.050000000000182,0.0
e89fdd1f,2026-05-07 06:06:20.254355+00:00,LONG,,4683.95,4702.3,4686.94,4689.55,3.73,1,production_score,2026-05-07 06:07:00+00:00,TP1_THEN_TP2,4689.55,25.770000000000437,0,31.650000000000546,0.0
1c67bfee,2026-05-07 06:08:22.819490+00:00,LONG,,4683.0,4663.0,4705.52,4725.22,28.15,1,production_score,2026-05-07 06:29:00+00:00,TP1_THEN_TP2,4725.22,194.22000000000207,20,43.600000000000364,0.0
f4d9d9f9,2026-05-07 07:50:29.584187+00:00,LONG,CONTINUATION,4717.95,4697.95,4758.55,4794.07,50.75,1,production_score,2026-05-07 08:15:00+00:00,TP1_THEN_BE,4751.6,222.75000000000273,24,45.650000000000546,0.0
4cd40b34,2026-05-07 08:17:28.936630+00:00,LONG,,4719.1,4699.1,4736.1,4750.98,21.25,1,production_score,2026-05-07 08:28:00+00:00,TP1_THEN_TP2,4750.98,146.6399999999976,10,33.099999999999454,0.0
66cbbec9,2026-05-07 08:28:00.672402+00:00,LONG,,4717.45,4697.45,4737.45,4767.45,5.81,1,production_score,2026-05-07 09:00:00+00:00,TP1_THEN_BE,4738.8,124.05000000000109,31,34.850000000000364,0.0
f720b3f9,2026-05-07 09:00:04.180876+00:00,LONG,PULLBACK,4711.0,4691.0,4731.0,4761.0,22.1,1,production_score,2026-05-07 09:57:00+00:00,TP1_THEN_BE,4736.5,136.5,56,38.0,0.0
0df69469,2026-05-07 10:08:20.995406+00:00,LONG,,4711.4,4691.4,4731.4,4761.4,16.4,1,production_score,2026-05-07 11:17:00+00:00,TP1_THEN_BE,4737.3,137.70000000000164,68,37.900000000000546,0.0
c87a1b3c,2026-05-07 13:05:23.135827+00:00,LONG,,4717.55,4697.55,4737.55,4767.55,19.65,1,production_score,2026-05-07 13:34:00+00:00,TP1_THEN_TP2,4767.55,210.0,28,50.94999999999982,0.0
c19b3ae1,2026-05-07 13:46:42.024490+00:00,LONG,,4724.65,4704.65,4744.65,4774.65,26.9,1,production_score,2026-05-07 15:00:00+00:00,TP1_THEN_TP2,4774.65,210.0,73,50.350000000000364,0.0
09b7c2ff,2026-05-07 17:58:32.757994+00:00,SHORT,,4691.1,4711.1,4671.1,4641.1,18.75,1,production_score,2026-05-07 17:59:00+00:00,SL_HIT,4711.1,-120.0,0,0.0,31.0
3aec3ed1,2026-05-07 17:59:03.464978+00:00,SHORT,,4691.7,4711.7,4671.7,4641.7,7.46,1,production_score,2026-05-07 18:00:00+00:00,SL_HIT,4711.7,-120.0,0,0.0,30.600000000000364
48147173,2026-05-07 18:01:10.715559+00:00,SHORT,PULLBACK,4691.55,4711.55,4671.55,4641.55,17.9,1,production_score,2026-05-07 18:02:00+00:00,SL_HIT,4711.55,-120.0,0,0.0,29.75
cb8ac491,2026-05-07 18:04:10.620525+00:00,SHORT,,4691.1,4711.1,4671.1,4641.1,17.5,1,production_score,2026-05-07 18:05:00+00:00,SL_HIT,4711.1,-120.0,0,0.0,27.5
c41936de,2026-05-07 18:05:03.932936+00:00,SHORT,,4691.0,4711.0,4671.0,4641.0,17.3,1,production_score,2026-05-07 18:06:00+00:00,SL_HIT,4711.0,-120.0,0,0.0,29.199999999999818
774543bf,2026-05-07 18:11:52.802274+00:00,SHORT,,4690.8,4710.8,4670.8,4640.8,17.3,1,production_score,2026-05-07 18:12:00+00:00,SL_HIT,4710.8,-120.0,0,0.0,27.300000000000182
49220893,2026-05-07 18:12:02.236968+00:00,SHORT,,4689.75,4709.75,4669.75,4639.75,7.8,1,production_score,2026-05-07 18:13:00+00:00,SL_HIT,4709.75,-120.0,0,0.0,29.449999999999818
24880ec5,2026-05-07 18:13:00.959354+00:00,SHORT,PULLBACK,4690.25,4710.25,4670.25,4640.25,17.3,1,production_score,2026-05-07 18:14:00+00:00,SL_HIT,4710.25,-120.0,0,0.0,28.75
4cc5890c,2026-05-07 18:14:59.670454+00:00,SHORT,,4690.8,4710.8,4670.8,4640.8,17.3,1,production_score,2026-05-07 18:15:00+00:00,SL_HIT,4710.8,-120.0,0,0.0,28.699999999999818
fa5cef51,2026-05-07 18:15:03.302231+00:00,SHORT,,4690.8,4710.8,4670.8,4640.8,17.3,1,production_score,2026-05-07 18:16:00+00:00,SL_HIT,4710.8,-120.0,0,0.0,28.199999999999818
6418d18b,2026-05-07 18:18:06.444816+00:00,SHORT,,4690.65,4710.65,4670.65,4640.65,17.3,1,production_score,2026-05-07 18:19:00+00:00,SL_HIT,4710.65,-120.0,0,0.0,28.450000000000728
22077213,2026-05-07 18:19:03.649165+00:00,SHORT,,4690.25,4710.25,4670.25,4640.25,17.3,1,production_score,2026-05-07 18:20:00+00:00,SL_HIT,4710.25,-120.0,0,0.0,29.75
ffb32b27,2026-05-07 18:21:11.287924+00:00,SHORT,,4691.1,4711.1,4671.1,4641.1,17.3,1,production_score,2026-05-07 18:22:00+00:00,SL_HIT,4711.1,-120.0,0,0.0,28.099999999999454
e6edb784,2026-05-07 18:24:13.457144+00:00,SHORT,,4691.1,4711.1,4671.1,4641.1,17.3,1,production_score,2026-05-07 18:25:00+00:00,SL_HIT,4711.1,-120.0,0,0.0,25.399999999999636
47c006a3,2026-05-07 18:25:00.383014+00:00,SHORT,,4691.3,4711.3,4671.3,4641.3,17.3,1,production_score,2026-05-07 18:26:00+00:00,SL_HIT,4711.3,-120.0,0,0.0,25.399999999999636
46bf2daa,2026-05-07 18:27:36.060319+00:00,SHORT,,4690.25,4710.25,4670.25,4640.25,17.3,1,production_score,2026-05-07 18:28:00+00:00,SL_HIT,4710.25,-120.0,0,0.0,28.350000000000364
de52940f,2026-05-07 18:28:03.399319+00:00,SHORT,,4690.7,4710.7,4670.7,4640.7,17.3,1,production_score,2026-05-07 18:29:00+00:00,SL_HIT,4710.7,-120.0,0,0.0,31.5
d4126178,2026-05-07 18:31:53.380633+00:00,SHORT,,4693.05,4713.05,4673.05,4643.05,17.3,1,production_score,2026-05-07 18:32:00+00:00,SL_HIT,4713.05,-120.0,0,0.0,30.25
3a1ad1a5,2026-05-07 18:32:06.089917+00:00,SHORT,,4693.05,4713.05,4673.05,4643.05,17.3,1,production_score,2026-05-07 18:33:00+00:00,SL_HIT,4713.05,-120.0,0,0.0,31.949999999999818
fdb58906,2026-05-07 18:33:00.346825+00:00,SHORT,,4693.05,4713.05,4673.05,4643.05,17.3,1,production_score,2026-05-07 18:34:00+00:00,SL_HIT,4713.05,-120.0,0,0.0,31.649999999999636
b38a2600,2026-05-07 18:36:04.383812+00:00,SHORT,,4693.7,4713.7,4673.7,4643.7,17.3,1,production_score,2026-05-07 18:37:00+00:00,SL_HIT,4713.7,-120.0,0,0.0,31.699999999999818
5c4f3b8a,2026-05-07 18:37:00.350228+00:00,SHORT,,4693.7,4713.7,4673.7,4643.7,17.3,1,production_score,2026-05-07 18:38:00+00:00,SL_HIT,4713.7,-120.0,0,0.0,26.800000000000182
43e0f7f4,2026-05-07 18:39:53.019381+00:00,SHORT,PULLBACK,4691.3,4711.3,4671.3,4641.3,17.3,1,production_score,2026-05-07 18:40:00+00:00,SL_HIT,4711.3,-120.0,0,0.0,31.300000000000182
0b841e26,2026-05-07 18:40:01.977035+00:00,SHORT,,4692.3,4712.3,4672.3,4642.3,17.3,1,production_score,2026-05-07 18:41:00+00:00,SL_HIT,4712.3,-120.0,0,0.0,29.099999999999454
5da34732,2026-05-07 18:41:01.871999+00:00,SHORT,,4691.75,4711.75,4671.75,4641.75,17.3,1,production_score,2026-05-07 18:42:00+00:00,SL_HIT,4711.75,-120.0,0,0.0,31.149999999999636
e5bf4b7d,2026-05-07 18:44:02.358881+00:00,SHORT,,4691.95,4711.95,4671.95,4641.95,17.3,1,production_score,2026-05-07 18:45:00+00:00,SL_HIT,4711.95,-120.0,0,0.0,24.150000000000546
63584643,2026-05-07 18:45:00.772326+00:00,SHORT,PULLBACK,4693.9,4713.9,4673.9,4643.9,17.3,1,production_score,2026-05-07 18:46:00+00:00,SL_HIT,4713.9,-120.0,0,0.0,24.900000000000546
75867381,2026-05-07 18:48:02.271918+00:00,SHORT,PULLBACK,4690.1,4710.1,4670.1,4640.1,15.75,1,production_score,2026-05-07 18:49:00+00:00,SL_HIT,4710.1,-120.0,0,0.0,23.5
4a82139d,2026-05-07 18:49:02.402813+00:00,SHORT,PULLBACK,4690.4,4710.4,4670.4,4640.4,14.65,1,production_score,2026-05-07 18:52:00+00:00,SL_HIT,4710.4,-120.0,2,0.0,23.0
ff7426ba,2026-05-07 18:53:34.268958+00:00,SHORT,,4687.8,4707.8,4667.8,4637.8,14.65,1,production_score,2026-05-07 18:54:00+00:00,SL_HIT,4707.8,-120.0,0,0.0,26.199999999999818
bcc9f845,2026-05-07 18:54:04.377572+00:00,SHORT,,4688.2,4708.2,4668.2,4638.2,13.7,1,production_score,2026-05-07 18:55:00+00:00,SL_HIT,4708.2,-120.0,0,0.0,27.400000000000546
99972c56,2026-05-07 18:58:23.601018+00:00,SHORT,,4689.7,4709.7,4669.7,4639.7,10.65,1,production_score,2026-05-07 18:59:00+00:00,SL_HIT,4709.7,-120.0,0,0.0,31.0
1f6685c4,2026-05-07 18:59:02.612396+00:00,SHORT,,4690.4,4710.4,4670.4,4640.4,10.65,1,production_score,2026-05-07 19:00:00+00:00,SL_HIT,4710.4,-120.0,0,0.0,30.0
4f48f4d5,2026-05-07 19:02:59.298882+00:00,SHORT,,4691.9,4711.9,4671.9,4641.9,10.35,1,production_score,2026-05-07 19:03:00+00:00,SL_HIT,4711.9,-120.0,0,0.0,23.700000000000728
74b85e1f,2026-05-07 19:03:06.095565+00:00,SHORT,,4691.6,4711.6,4671.6,4641.6,6.53,1,production_score,2026-05-07 19:04:00+00:00,SL_HIT,4711.6,-120.0,0,0.0,24.299999999999272
47504bec,2026-05-07 19:04:03.682817+00:00,SHORT,,4691.0,4711.0,4671.0,4641.0,10.35,1,production_score,2026-05-07 19:05:00+00:00,SL_HIT,4711.0,-120.0,0,0.0,25.699999999999818
6ad72a6e,2026-05-07 19:07:02.123496+00:00,SHORT,,4689.85,4709.85,4669.85,4639.85,6.69,1,production_score,2026-05-07 19:08:00+00:00,SL_HIT,4709.85,-120.0,0,0.0,30.149999999999636
31b6660b,2026-05-07 19:08:00.914474+00:00,SHORT,PULLBACK,4690.0,4710.0,4670.0,4640.0,10.1,1,production_score,2026-05-07 19:09:00+00:00,SL_HIT,4710.0,-120.0,0,0.0,29.100000000000364
2fbb66f5,2026-05-07 19:11:10.119920+00:00,SHORT,,4691.1,4711.1,4671.1,4641.1,10.1,1,production_score,2026-05-07 19:12:00+00:00,SL_HIT,4711.1,-120.0,0,0.0,28.399999999999636
42cec754,2026-05-07 19:12:01.961505+00:00,SHORT,,4691.3,4711.3,4671.3,4641.3,6.51,1,production_score,2026-05-07 19:13:00+00:00,SL_HIT,4711.3,-120.0,0,0.0,28.199999999999818
6b753251,2026-05-07 19:15:48.316803+00:00,SHORT,,4691.9,4711.9,4671.9,4641.9,10.1,1,production_score,2026-05-07 19:16:00+00:00,SL_HIT,4711.9,-120.0,0,0.0,28.300000000000182
d5aebf55,2026-05-07 19:16:00.358006+00:00,SHORT,PULLBACK,4691.9,4711.9,4671.9,4641.9,10.1,1,production_score,2026-05-07 19:17:00+00:00,SL_HIT,4711.9,-120.0,0,0.0,27.800000000000182
9e2ef051,2026-05-07 19:17:01.362796+00:00,SHORT,,4692.2,4712.2,4672.2,4642.2,10.1,1,production_score,2026-05-07 19:18:00+00:00,SL_HIT,4712.2,-120.0,0,0.0,22.699999999999818
59993d4a,2026-05-07 19:20:36.669326+00:00,SHORT,,4688.6,4708.6,4668.6,4638.6,5.97,1,production_score,2026-05-07 19:21:00+00:00,SL_HIT,4708.6,-120.0,0,0.0,24.399999999999636
edd1e29a,2026-05-07 19:21:00.243865+00:00,SHORT,,4688.6,4708.6,4668.6,4638.6,10.1,1,production_score,2026-05-07 19:22:00+00:00,SL_HIT,4708.6,-120.0,0,0.0,26.399999999999636
6db007d2,2026-05-07 19:24:22.692555+00:00,SHORT,,4689.0,4709.0,4669.0,4639.0,10.1,1,production_score,2026-05-07 19:25:00+00:00,SL_HIT,4709.0,-120.0,0,0.0,20.699999999999818
1292babf,2026-05-07 19:25:02.299729+00:00,SHORT,PULLBACK,4688.35,4708.35,4668.35,4638.35,10.1,1,production_score,2026-05-07 19:26:00+00:00,SL_HIT,4708.35,-120.0,0,0.0,21.049999999999272
89fd96b5,2026-05-07 19:29:14.111864+00:00,SHORT,,4688.45,4708.45,4668.45,4638.45,10.1,1,production_score,2026-05-07 19:30:00+00:00,SL_HIT,4708.45,-120.0,0,0.0,26.550000000000182
6b9d23bb,2026-05-07 19:30:01.623604+00:00,SHORT,,4687.9,4707.9,4667.9,4637.9,10.1,1,production_score,2026-05-07 19:31:00+00:00,SL_HIT,4707.9,-120.0,0,0.0,28.100000000000364
3212165b,2026-05-07 19:33:32.682074+00:00,SHORT,,4689.4,4709.4,4669.4,4639.4,10.1,1,production_score,2026-05-07 19:34:00+00:00,SL_HIT,4709.4,-120.0,0,0.0,28.600000000000364
d6c7a6b6,2026-05-07 19:34:08.107967+00:00,SHORT,,4689.4,4709.4,4669.4,4639.4,10.1,1,production_score,2026-05-07 19:35:00+00:00,SL_HIT,4709.4,-120.0,0,0.0,28.100000000000364
64740cd2,2026-05-07 19:37:53.417779+00:00,SHORT,,4686.5,4706.5,4666.5,4636.5,10.1,1,production_score,2026-05-07 19:38:00+00:00,SL_HIT,4706.5,-120.0,0,0.0,33.600000000000364
c40898bd,2026-05-07 19:38:09.602058+00:00,SHORT,,4685.65,4705.65,4665.65,4635.65,10.1,1,production_score,2026-05-07 19:39:00+00:00,SL_HIT,4705.65,-120.0,0,0.0,35.95000000000073
7273c6fd,2026-05-07 19:39:06.976572+00:00,SHORT,PULLBACK,4685.9,4705.9,4665.9,4635.9,10.1,1,production_score,2026-05-07 19:40:00+00:00,SL_HIT,4705.9,-120.0,0,0.0,35.400000000000546
61229117,2026-05-07 19:43:02.704158+00:00,SHORT,PULLBACK,4688.95,4708.95,4668.95,4638.95,10.1,1,production_score,2026-05-07 19:44:00+00:00,SL_HIT,4708.95,-120.0,0,0.0,31.449999999999818
bddd25ca,2026-05-07 19:44:00.928416+00:00,SHORT,,4688.45,4708.45,4668.45,4638.45,10.1,1,production_score,2026-05-07 19:45:00+00:00,SL_HIT,4708.45,-120.0,0,0.0,30.75
2e3d89fc,2026-05-07 19:47:30.327172+00:00,SHORT,,4687.55,4707.55,4667.55,4637.55,10.1,1,production_score,2026-05-07 19:48:00+00:00,SL_HIT,4707.55,-120.0,0,0.0,28.949999999999818
36bf9a58,2026-05-07 19:48:02.890670+00:00,SHORT,,4687.65,4707.65,4667.65,4637.65,10.1,1,production_score,2026-05-07 19:49:00+00:00,SL_HIT,4707.65,-120.0,0,0.0,27.950000000000728
6481469a,2026-05-07 19:52:18.178098+00:00,SHORT,,4685.9,4705.9,4665.9,4635.9,10.85,1,production_score,2026-05-07 19:53:00+00:00,SL_HIT,4705.9,-120.0,0,0.0,31.0
a8670a8d,2026-05-07 19:53:01.021541+00:00,SHORT,,4687.85,4707.85,4667.85,4637.85,10.85,1,production_score,2026-05-07 19:54:00+00:00,SL_HIT,4707.85,-120.0,0,0.0,28.75
75a8d851,2026-05-07 19:56:45.344616+00:00,SHORT,,4684.5,4704.5,4664.5,4634.5,12.1,1,production_score,2026-05-07 19:57:00+00:00,SL_HIT,4704.5,-120.0,0,0.0,34.30000000000018
f9c436ac,2026-05-07 19:57:01.049675+00:00,SHORT,,4683.8,4703.8,4663.8,4633.8,12.1,1,production_score,2026-05-07 19:58:00+00:00,SL_HIT,4703.8,-120.0,0,0.0,33.80000000000018
585ebb76,2026-05-07 19:58:02.051834+00:00,SHORT,PULLBACK,4686.25,4706.25,4666.25,4636.25,12.1,1,production_score,2026-05-07 19:59:00+00:00,SL_HIT,4706.25,-120.0,0,0.0,28.350000000000364
efee62ee,2026-05-07 20:00:08.591526+00:00,SHORT,,4683.25,4703.25,4663.25,4633.25,6.72,1,production_score,2026-05-07 20:01:00+00:00,SL_HIT,4703.25,-120.0,0,0.0,35.850000000000364
d5f4aa85,2026-05-07 20:03:16.341520+00:00,SHORT,,4686.1,4706.1,4666.1,4636.1,15.05,1,production_score,2026-05-07 20:04:00+00:00,SL_HIT,4706.1,-120.0,0,0.0,42.29999999999927
66281275,2026-05-07 20:04:02.033091+00:00,SHORT,PULLBACK,4686.05,4706.05,4666.05,4636.05,15.65,1,production_score,2026-05-07 20:05:00+00:00,SL_HIT,4706.05,-120.0,0,0.0,40.849999999999454
1915800c,2026-05-07 20:39:52.011659+00:00,LONG,,4678.2,4658.2,4698.2,4728.2,20.2,1,production_score,2026-05-07 20:55:00+00:00,TP1_THEN_BE,4703.8,136.8000000000011,15,38.600000000000364,0.0
4549b60a,2026-05-07 23:02:36.949494+00:00,SHORT,PULLBACK,4666.4,4686.4,4646.4,4616.4,44.75,1,production_score,2026-05-07 23:03:00+00:00,SL_HIT,4686.4,-120.0,0,0.0,31.800000000000182
055100e8,2026-05-07 23:03:08.837267+00:00,SHORT,,4666.4,4686.4,4646.4,4616.4,44.75,1,production_score,2026-05-07 23:04:00+00:00,SL_HIT,4686.4,-120.0,0,0.0,31.800000000000182
e642fecc,2026-05-07 23:06:38.655815+00:00,SHORT,,4667.3,4687.3,4647.3,4617.3,44.75,1,production_score,2026-05-07 23:07:00+00:00,SL_HIT,4687.3,-120.0,0,0.0,29.099999999999454
00797e55,2026-05-07 23:07:00.833309+00:00,SHORT,,4666.95,4686.95,4646.95,4616.95,44.75,1,production_score,2026-05-07 23:08:00+00:00,SL_HIT,4686.95,-120.0,0,0.0,29.449999999999818
af78580c,2026-05-07 23:08:00.547876+00:00,SHORT,,4667.3,4687.3,4647.3,4617.3,44.75,1,production_score,2026-05-07 23:09:00+00:00,SL_HIT,4687.3,-120.0,0,0.0,33.30000000000018
8c79b15f,2026-05-07 23:12:27.183206+00:00,SHORT,,4669.2,4689.2,4649.2,4619.2,44.75,1,production_score,2026-05-07 23:13:00+00:00,SL_HIT,4689.2,-120.0,0,0.0,31.300000000000182
167a090b,2026-05-07 23:13:11.034992+00:00,SHORT,,4666.4,4686.4,4646.4,4616.4,44.75,1,production_score,2026-05-07 23:14:00+00:00,SL_HIT,4686.4,-120.0,0,0.0,32.900000000000546
97824d52,2026-05-07 23:14:01.109367+00:00,SHORT,,4666.9,4686.9,4646.9,4616.9,44.75,1,production_score,2026-05-07 23:15:00+00:00,SL_HIT,4686.9,-120.0,0,0.0,35.100000000000364
5d1f1707,2026-05-07 23:46:46.816336+00:00,SHORT,,4674.6,4694.6,4654.6,4624.6,41.5,1,production_score,2026-05-07 23:47:00+00:00,SL_HIT,4694.6,-120.0,0,0.0,35.5
331ecd12,2026-05-07 23:47:01.737841+00:00,SHORT,,4675.25,4695.25,4655.25,4625.25,41.5,1,production_score,2026-05-07 23:48:00+00:00,SL_HIT,4695.25,-120.0,0,0.0,35.25
fb8880c8,2026-05-08 00:19:10.093597+00:00,SHORT,RANGE,4672.35,4692.35,4652.35,4622.35,15.05,1,production_score,2026-05-08 00:20:00+00:00,SL_HIT,4692.35,-120.0,0,0.0,31.549999999999272
56ae4cc6,2026-05-08 00:20:40.110898+00:00,SHORT,,4673.0,4693.0,4653.0,4623.0,15.2,1,production_score,2026-05-08 00:21:00+00:00,SL_HIT,4693.0,-120.0,0,0.0,36.19999999999982
1b76788c,2026-05-08 00:29:12.775435+00:00,SHORT,,4675.4,4695.4,4655.4,4625.4,15.2,1,production_score,2026-05-08 00:30:00+00:00,SL_HIT,4695.4,-120.0,0,0.0,31.5
01e7d1c5,2026-05-08 01:31:03.649891+00:00,LONG,,4689.25,4669.25,4709.25,4739.25,25.0,1,production_score,2026-05-08 02:04:00+00:00,TP1_THEN_TP2,4739.25,210.0,32,52.149999999999636,0.0
a2faae5b,2026-05-08 03:06:16.401520+00:00,LONG,,4693.8,4673.8,4713.8,4743.8,6.06,1,production_score,2026-05-08 03:50:00+00:00,TP1_THEN_BE,4727.3,160.5,43,45.899999999999636,0.0
5c03f37c,2026-05-08 03:50:23.841640+00:00,LONG,,4696.45,4676.45,4716.45,4746.45,25.25,1,production_score,2026-05-08 04:42:00+00:00,TP1_THEN_BE,4719.1,127.95000000000164,51,34.850000000000364,0.0
6ec1fd30,2026-05-08 04:50:21.369307+00:00,LONG,,4691.2,4671.2,4711.2,4741.2,23.75,1,production_score,2026-05-08 06:00:00+00:00,TP1_THEN_BE,4727.4,168.59999999999945,69,48.80000000000018,0.0
f92bed82,2026-05-08 06:35:01.788507+00:00,LONG,,4705.15,4685.15,4724.95,4742.27,24.75,1,production_score,2026-05-08 07:11:00+00:00,TP1_THEN_BE,4727.3,125.85000000000218,35,35.75,0.0
20bad1c0,2026-05-08 07:11:34.328012+00:00,LONG,CONTINUATION,4698.6,4678.6,4715.92,4731.07,21.65,1,production_score,2026-05-08 07:23:00+00:00,TP1_THEN_BE,4715.0,101.15999999999804,11,30.299999999999272,0.0
72d7c3b1,2026-05-08 08:35:20.493467+00:00,SHORT,,4699.05,4719.05,4679.05,4649.05,28.9,1,production_score,2026-05-08 08:36:00+00:00,SL_HIT,4719.05,-120.0,0,0.0,33.349999999999454
cadd984a,2026-05-08 08:36:55.056971+00:00,SHORT,,4699.45,4719.45,4679.45,4649.45,28.45,1,production_score,2026-05-08 08:37:00+00:00,SL_HIT,4719.45,-120.0,0,0.0,32.650000000000546
37822283,2026-05-08 08:37:01.268064+00:00,SHORT,,4699.45,4719.45,4679.45,4649.45,28.45,1,production_score,2026-05-08 08:38:00+00:00,SL_HIT,4719.45,-120.0,0,0.0,33.44999999999982
dd13b69d,2026-05-08 10:14:15.192122+00:00,SHORT,,4694.3,4714.3,4674.3,4644.3,16.65,1,production_score,2026-05-08 10:15:00+00:00,SL_HIT,4714.3,-120.0,0,0.0,34.899999999999636
312c9b3e,2026-05-08 10:16:19.988503+00:00,SHORT,,4697.05,4717.05,4677.05,4647.05,16.65,1,production_score,2026-05-08 10:17:00+00:00,SL_HIT,4717.05,-120.0,0,0.0,31.050000000000182
5788d8e5,2026-05-08 10:17:57.911851+00:00,SHORT,RANGE,4696.45,4716.45,4676.45,4646.45,16.65,1,production_score,2026-05-08 10:18:00+00:00,SL_HIT,4716.45,-120.0,0,0.0,31.850000000000364
215b1762,2026-05-08 10:18:03.572074+00:00,SHORT,RANGE,4696.45,4716.45,4676.45,4646.45,16.65,1,production_score,2026-05-08 10:19:00+00:00,SL_HIT,4716.45,-120.0,0,0.0,30.949999999999818
b0d8ce43,2026-05-08 10:19:32.517643+00:00,SHORT,RANGE,4696.85,4716.85,4676.85,4646.85,16.65,1,production_score,2026-05-08 10:20:00+00:00,SL_HIT,4716.85,-120.0,0,0.0,30.849999999999454
d434ae35,2026-05-08 10:21:04.241693+00:00,SHORT,,4696.85,4716.85,4676.85,4646.85,16.65,1,production_score,2026-05-08 10:22:00+00:00,SL_HIT,4716.85,-120.0,0,0.0,32.349999999999454
ba43324d,2026-05-08 10:23:19.653667+00:00,SHORT,,4697.8,4717.8,4677.8,4647.8,16.65,1,production_score,2026-05-08 10:24:00+00:00,SL_HIT,4717.8,-120.0,0,0.0,34.899999999999636
010c0002,2026-05-08 12:34:52.562895+00:00,SHORT,,4699.85,4719.85,4679.85,4649.85,24.5,1,production_score,2026-05-08 12:35:00+00:00,SL_HIT,4719.85,-120.0,0,0.0,36.149999999999636
c323094a,2026-05-08 12:35:11.860058+00:00,SHORT,,4699.85,4719.85,4679.85,4649.85,24.5,1,production_score,2026-05-08 12:36:00+00:00,SL_HIT,4719.85,-120.0,0,0.0,37.649999999999636
5ab936fd,2026-05-08 12:38:31.002944+00:00,SHORT,,4703.4,4723.4,4683.4,4653.4,24.9,1,production_score,2026-05-08 12:39:00+00:00,SL_HIT,4723.4,-120.0,0,0.0,33.100000000000364
068492d3,2026-05-08 12:39:05.289467+00:00,SHORT,RANGE,4706.0,4726.0,4686.0,4656.0,24.9,1,production_score,2026-05-08 12:40:00+00:00,SL_HIT,4726.0,-120.0,0,0.0,31.0
9ecc62e9,2026-05-08 12:41:36.176800+00:00,SHORT,,4706.2,4726.2,4686.2,4656.2,25.3,1,production_score,2026-05-08 12:42:00+00:00,SL_HIT,4726.2,-120.0,0,0.0,27.400000000000546
cd22dbe4,2026-05-08 12:42:00.061234+00:00,SHORT,,4706.1,4726.1,4686.1,4656.1,6.25,1,production_score,2026-05-08 12:43:00+00:00,SL_HIT,4726.1,-120.0,0,0.0,33.29999999999927
6f18afd0,2026-05-08 12:45:13.110502+00:00,SHORT,,4702.25,4722.25,4682.25,4652.25,27.4,1,production_score,2026-05-08 12:46:00+00:00,SL_HIT,4722.25,-120.0,0,0.0,31.25
512605d1,2026-05-08 12:46:03.096312+00:00,SHORT,,4707.8,4727.8,4687.8,4657.8,27.4,1,production_score,2026-05-08 12:47:00+00:00,SL_HIT,4727.8,-120.0,0,0.0,28.300000000000182
87afe633,2026-05-08 12:48:21.521268+00:00,SHORT,,4702.75,4722.75,4682.75,4652.75,27.4,1,production_score,2026-05-08 12:49:00+00:00,SL_HIT,4722.75,-120.0,0,0.0,31.75
0f17213c,2026-05-08 12:49:00.693362+00:00,SHORT,RANGE,4703.45,4723.45,4683.45,4653.45,27.4,1,production_score,2026-05-08 12:50:00+00:00,SL_HIT,4723.45,-120.0,0,0.0,31.550000000000182
6ebee110,2026-05-08 12:51:12.570121+00:00,SHORT,RANGE,4703.9,4723.9,4683.9,4653.9,27.4,1,production_score,2026-05-08 12:52:00+00:00,SL_HIT,4723.9,-120.0,0,0.0,32.600000000000364
3a636139,2026-05-08 12:52:01.499464+00:00,SHORT,,4703.9,4723.9,4683.9,4653.9,27.4,1,production_score,2026-05-08 12:53:00+00:00,SL_HIT,4723.9,-120.0,0,0.0,33.100000000000364
676e382f,2026-05-08 12:54:02.442932+00:00,SHORT,,4704.85,4724.85,4684.85,4654.85,27.4,1,production_score,2026-05-08 12:55:00+00:00,SL_HIT,4724.85,-120.0,0,0.0,35.94999999999982
b33e3911,2026-05-08 13:07:46.051987+00:00,LONG,,4700.0,4680.0,4720.0,4750.0,29.2,1,production_score,2026-05-08 13:35:00+00:00,TP1_THEN_TP2,4750.0,210.0,27,51.80000000000018,0.0
fe69cf7e,2026-05-08 14:01:33.336287+00:00,LONG,CONTINUATION,4720.75,4700.75,4747.63,4771.15,33.6,1,production_score,2026-05-08 14:08:00+00:00,TP1_THEN_BE,4739.7,137.48999999999978,6,32.850000000000364,0.0
d67ee3d3,2026-05-08 15:13:55.603131+00:00,LONG,,4689.9,4669.9,4709.9,4739.9,22.9,1,production_score,2026-05-08 15:45:00+00:00,TP1_THEN_BE,4712.1,126.60000000000218,31,35.100000000000364,0.0
ccbf4978,2026-05-08 15:48:46.953890+00:00,SHORT,,4686.15,4706.15,4666.15,4636.15,23.7,1,production_score,2026-05-08 15:49:00+00:00,SL_HIT,4706.15,-120.0,0,0.0,32.350000000000364
31b9672a,2026-05-08 15:49:01.109499+00:00,SHORT,PULLBACK,4686.15,4706.15,4666.15,4636.15,23.7,1,production_score,2026-05-08 15:50:00+00:00,SL_HIT,4706.15,-120.0,0,0.0,33.45000000000073
b41a6fc2,2026-05-08 15:52:44.489502+00:00,SHORT,PULLBACK,4688.6,4708.6,4668.6,4638.6,22.65,1,production_score,2026-05-08 15:53:00+00:00,SL_HIT,4708.6,-120.0,0,0.0,31.199999999999818
85615c19,2026-05-08 15:53:00.306740+00:00,SHORT,,4688.6,4708.6,4668.6,4638.6,22.65,1,production_score,2026-05-08 15:54:00+00:00,SL_HIT,4708.6,-120.0,0,0.0,31.799999999999272
445391e3,2026-05-08 15:56:06.630536+00:00,SHORT,,4688.45,4708.45,4668.45,4638.45,22.65,1,production_score,2026-05-08 15:57:00+00:00,SL_HIT,4708.45,-120.0,0,0.0,28.449999999999818
