ts,baseline,ensemble,ensemble_signal_a,ensemble_signal_b,ensemble_signal_c,ensemble_source,fwd_5d_pts,fwd_10d_pts
2025-06-30 22:00:00+00:00,unknown,unknown,0,0,0,insufficient_history,-38.90000000000009,-19.40000000000009
2025-07-01 22:00:00+00:00,unknown,unknown,0,0,0,insufficient_history,-46.19999999999982,-14.5
2025-07-02 22:00:00+00:00,unknown,unknown,0,0,0,insufficient_history,-3.0,9.400000000000091
2025-07-03 22:00:00+00:00,unknown,unknown,0,0,0,insufficient_history,23.800000000000182,9.0
2025-07-06 22:00:00+00:00,unknown,unknown,0,0,0,insufficient_history,5.699999999999818,63.90000000000009
2025-07-07 22:00:00+00:00,short,unknown,0,0,0,insufficient_history,19.5,133.0
2025-07-08 22:00:00+00:00,unknown,unknown,0,0,0,insufficient_history,31.699999999999818,75.0
2025-07-09 22:00:00+00:00,long,unknown,0,0,0,insufficient_history,12.400000000000091,38.30000000000018
2025-07-10 22:00:00+00:00,long,unknown,0,0,0,insufficient_history,-14.800000000000182,-31.800000000000182
2025-07-13 22:00:00+00:00,unknown,unknown,0,0,0,insufficient_history,58.20000000000027,-38.09999999999991
2025-07-14 22:00:00+00:00,short,unknown,0,0,0,insufficient_history,113.5,-5.199999999999818
2025-07-15 22:00:00+00:00,unknown,unknown,1,0,0,unknown_no_signal,43.30000000000018,-26.299999999999727
2025-07-16 22:00:00+00:00,unknown,unknown,1,0,0,unknown_no_signal,25.90000000000009,-3.099999999999909
2025-07-17 22:00:00+00:00,unknown,unknown,1,0,0,unknown_no_signal,-17.0,60.5
2025-07-20 22:00:00+00:00,long,unknown,1,0,0,unknown_no_signal,-96.30000000000018,18.299999999999727
2025-07-21 22:00:00+00:00,long,unknown,1,0,0,unknown_no_signal,-118.69999999999982,-9.0
2025-07-22 22:00:00+00:00,unknown,unknown,1,0,0,unknown_no_signal,-69.59999999999991,34.30000000000018
2025-07-23 22:00:00+00:00,short,unknown,1,0,0,unknown_no_signal,-29.0,111.39999999999964
2025-07-24 22:00:00+00:00,short,unknown,-1,0,0,unknown_no_signal,77.5,119.69999999999982
2025-07-27 22:00:00+00:00,short,unknown,-1,1,-1,unknown_b_c_disagree,114.59999999999991,79.69999999999982
2025-07-28 22:00:00+00:00,unknown,unknown,-1,1,-1,unknown_b_c_disagree,109.69999999999982,74.29999999999973
2025-07-29 22:00:00+00:00,long,unknown,-1,1,-1,unknown_b_c_disagree,103.90000000000009,79.09999999999991
2025-07-30 22:00:00+00:00,long,unknown,-1,0,-1,unknown_partial_signal,140.39999999999964,40.0
2025-07-31 22:00:00+00:00,long,unknown,-1,0,-1,unknown_partial_signal,42.19999999999982,-34.30000000000018
2025-08-03 22:00:00+00:00,long,unknown,1,0,-1,unknown_partial_signal,-34.90000000000009,-50.59999999999991
2025-08-04 22:00:00+00:00,long,unknown,1,0,-1,unknown_partial_signal,-35.40000000000009,-76.09999999999991
2025-08-05 22:00:00+00:00,unknown,unknown,1,0,-1,unknown_partial_signal,-24.800000000000182,-39.600000000000364
2025-08-06 22:00:00+00:00,unknown,unknown,1,0,1,unknown_partial_signal,-100.39999999999964,-99.19999999999982
2025-08-07 22:00:00+00:00,unknown,unknown,1,0,1,unknown_partial_signal,-76.5,-41.0
2025-08-10 22:00:00+00:00,short,unknown,1,0,1,unknown_partial_signal,-15.699999999999818,17.0
2025-08-11 22:00:00+00:00,unknown,unknown,-1,0,1,unknown_partial_signal,-40.69999999999982,43.59999999999991
2025-08-12 22:00:00+00:00,long,unknown,-1,0,1,unknown_partial_signal,-14.800000000000182,44.80000000000018
2025-08-13 22:00:00+00:00,unknown,unknown,-1,0,1,unknown_partial_signal,1.199999999999818,94.59999999999991
2025-08-14 22:00:00+00:00,short,unknown,-1,0,1,unknown_partial_signal,35.5,134.4000000000001
2025-08-17 22:00:00+00:00,short,unknown,-1,0,1,unknown_partial_signal,32.69999999999982,167.80000000000018
2025-08-18 22:00:00+00:00,short,unknown,-1,0,1,unknown_partial_signal,84.29999999999973,240.5999999999999
2025-08-19 22:00:00+00:00,unknown,unknown,-1,0,1,unknown_partial_signal,59.600000000000364,227.5
2025-08-20 22:00:00+00:00,unknown,unknown,-1,0,1,unknown_partial_signal,93.40000000000009,218.9000000000001
2025-08-21 22:00:00+00:00,unknown,unknown,-1,0,1,unknown_partial_signal,98.90000000000009,222.60000000000036
2025-08-24 22:00:00+00:00,unknown,long,1,1,1,ensemble_b_c_agree,135.10000000000036,266.9000000000001
2025-08-25 22:00:00+00:00,unknown,long,1,1,1,ensemble_b_c_agree,156.30000000000018,220.60000000000036
2025-08-26 22:00:00+00:00,long,long,1,1,1,ensemble_b_c_agree,167.89999999999964,228.5999999999999
2025-08-27 22:00:00+00:00,long,long,1,1,1,ensemble_b_c_agree,125.5,196.5
2025-08-28 22:00:00+00:00,long,long,1,1,1,ensemble_b_c_agree,123.70000000000027,164.5999999999999
2025-08-31 22:00:00+00:00,long,long,1,1,1,ensemble_b_c_agree,131.79999999999973,173.69999999999982
2025-09-01 22:00:00+00:00,long,long,1,1,1,ensemble_b_c_agree,64.30000000000018,128.0
2025-09-02 22:00:00+00:00,long,long,1,1,1,ensemble_b_c_agree,60.70000000000027,74.90000000000009
2025-09-03 22:00:00+00:00,unknown,long,1,1,1,ensemble_b_c_agree,71.0,75.79999999999973
2025-09-04 22:00:00+00:00,unknown,long,1,1,1,ensemble_b_c_agree,40.899999999999636,79.59999999999991
2025-09-07 22:00:00+00:00,long,long,1,1,1,ensemble_b_c_agree,41.90000000000009,103.59999999999991
2025-09-08 22:00:00+00:00,unknown,long,1,1,1,ensemble_b_c_agree,63.69999999999982,133.0999999999999
2025-09-09 22:00:00+00:00,unknown,long,1,1,1,ensemble_b_c_agree,14.199999999999818,88.09999999999991
2025-09-10 22:00:00+00:00,unknown,long,1,1,1,ensemble_b_c_agree,4.799999999999727,107.09999999999991
2025-09-11 22:00:00+00:00,unknown,long,1,1,1,ensemble_b_c_agree,38.70000000000027,109.10000000000036
2025-09-14 22:00:00+00:00,long,long,1,1,1,ensemble_b_c_agree,61.69999999999982,143.4000000000001
2025-09-15 22:00:00+00:00,long,long,1,1,1,ensemble_b_c_agree,69.40000000000009,160.0999999999999
2025-09-16 22:00:00+00:00,unknown,long,1,1,1,ensemble_b_c_agree,73.90000000000009,198.0
2025-09-17 22:00:00+00:00,short,long,-1,1,1,ensemble_b_c_agree,102.30000000000018,202.60000000000036
2025-09-18 22:00:00+00:00,unknown,long,-1,1,1,ensemble_b_c_agree,70.40000000000009,192.69999999999982
2025-09-21 22:00:00+00:00,long,long,1,1,1,ensemble_b_c_agree,81.70000000000027,203.20000000000027
2025-09-22 22:00:00+00:00,long,long,1,1,1,ensemble_b_c_agree,90.69999999999982,211.0
2025-09-23 22:00:00+00:00,unknown,long,1,1,1,ensemble_b_c_agree,124.09999999999991,292.0999999999999
2025-09-24 22:00:00+00:00,unknown,long,1,1,1,ensemble_b_c_agree,100.30000000000018,210.5999999999999
2025-09-25 22:00:00+00:00,long,long,1,1,1,ensemble_b_c_agree,122.29999999999973,245.69999999999982
2025-09-28 22:00:00+00:00,long,long,1,1,1,ensemble_b_c_agree,121.5,267.0999999999999
2025-09-29 22:00:00+00:00,long,long,1,1,1,ensemble_b_c_agree,120.30000000000018,272.00000000000045
2025-09-30 22:00:00+00:00,long,long,1,1,1,ensemble_b_c_agree,168.0,332.2999999999997
2025-10-01 22:00:00+00:00,unknown,long,1,1,1,ensemble_b_c_agree,110.29999999999973,463.5
2025-10-02 22:00:00+00:00,unknown,long,1,1,1,ensemble_b_c_agree,123.40000000000009,355.7999999999997
2025-10-05 22:00:00+00:00,long,long,1,1,1,ensemble_b_c_agree,145.5999999999999,389.9000000000001
2025-10-06 22:00:00+00:00,long,long,1,1,1,ensemble_b_c_agree,151.70000000000027,130.5999999999999
2025-10-07 22:00:00+00:00,long,long,1,1,1,ensemble_b_c_agree,164.29999999999973,56.000000000000455
2025-10-08 22:00:00+00:00,unknown,long,1,1,1,ensemble_b_c_agree,353.2000000000003,152.0999999999999
2025-10-09 22:00:00+00:00,unknown,long,1,1,1,ensemble_b_c_agree,232.39999999999964,91.39999999999964
2025-10-12 22:00:00+00:00,long,long,1,1,1,ensemble_b_c_agree,244.30000000000018,-133.0
2025-10-13 22:00:00+00:00,long,long,1,1,1,ensemble_b_c_agree,-21.100000000000364,-191.50000000000045
2025-10-14 22:00:00+00:00,long,long,1,1,1,ensemble_b_c_agree,-108.29999999999927,-283.1999999999998
2025-10-15 22:00:00+00:00,long,long,1,1,1,ensemble_b_c_agree,-201.10000000000036,-306.0
2025-10-16 22:00:00+00:00,unknown,long,1,1,1,ensemble_b_c_agree,-141.0,-254.49999999999955
2025-10-19 22:00:00+00:00,unknown,long,1,1,1,ensemble_b_c_agree,-377.3000000000002,-360.60000000000036
2025-10-20 22:00:00+00:00,unknown,long,1,1,1,ensemble_b_c_agree,-170.4000000000001,-197.19999999999982
2025-10-21 22:00:00+00:00,short,long,-1,1,1,ensemble_b_c_agree,-174.90000000000055,-126.20000000000027
2025-10-22 22:00:00+00:00,unknown,long,-1,1,1,ensemble_b_c_agree,-104.89999999999964,-158.39999999999964
2025-10-23 22:00:00+00:00,unknown,long,-1,1,1,ensemble_b_c_agree,-113.49999999999955,-119.09999999999945
2025-10-26 22:00:00+00:00,short,long,-1,1,1,ensemble_b_c_agree,16.699999999999818,126.39999999999964
2025-10-27 22:00:00+00:00,short,long,-1,1,1,ensemble_b_c_agree,-26.799999999999727,165.0999999999999
2025-10-28 22:00:00+00:00,short,long,-1,1,1,ensemble_b_c_agree,48.70000000000027,259.6999999999998
2025-10-29 22:00:00+00:00,unknown,long,-1,1,1,ensemble_b_c_agree,-53.5,136.19999999999982
2025-10-30 22:00:00+00:00,unknown,long,-1,1,1,ensemble_b_c_agree,-5.599999999999909,71.0
2025-11-02 22:00:00+00:00,unknown,long,-1,1,1,ensemble_b_c_agree,109.69999999999982,31.40000000000009
2025-11-03 22:00:00+00:00,unknown,long,-1,1,1,ensemble_b_c_agree,191.89999999999964,126.09999999999991
2025-11-04 22:00:00+00:00,unknown,unknown,-1,0,1,unknown_partial_signal,210.99999999999955,87.90000000000009
2025-11-05 22:00:00+00:00,unknown,unknown,-1,0,1,unknown_partial_signal,189.69999999999982,91.89999999999964
2025-11-06 22:00:00+00:00,unknown,unknown,-1,0,1,unknown_partial_signal,76.59999999999991,55.0
2025-11-09 22:00:00+00:00,long,unknown,-1,0,1,unknown_partial_signal,-78.29999999999973,10.400000000000546
2025-11-10 22:00:00+00:00,long,unknown,1,0,1,unknown_partial_signal,-65.79999999999973,-6.899999999999636
2025-11-11 22:00:00+00:00,long,unknown,1,0,1,unknown_partial_signal,-123.09999999999945,-33.79999999999927
2025-11-12 22:00:00+00:00,unknown,unknown,1,0,1,unknown_partial_signal,-97.80000000000018,90.5
2025-11-13 22:00:00+00:00,short,unknown,1,0,1,unknown_partial_signal,-21.59999999999991,154.29999999999973
2025-11-16 22:00:00+00:00,short,unknown,-1,0,1,unknown_partial_signal,88.70000000000027,189.70000000000027
2025-11-17 22:00:00+00:00,unknown,long,-1,1,1,ensemble_b_c_agree,58.90000000000009,170.49999999999955
2025-11-18 22:00:00+00:00,long,long,-1,1,1,ensemble_b_c_agree,89.30000000000018,149.30000000000018
2025-11-19 22:00:00+00:00,unknown,long,-1,1,1,ensemble_b_c_agree,188.30000000000018,151.0
2025-11-20 22:00:00+00:00,short,long,-1,1,1,ensemble_b_c_agree,175.89999999999964,157.09999999999945
2025-11-23 22:00:00+00:00,unknown,long,-1,1,1,ensemble_b_c_agree,101.0,102.80000000000018
2025-11-24 22:00:00+00:00,unknown,long,1,1,1,ensemble_b_c_agree,111.59999999999945,112.80000000000018
2025-11-25 22:00:00+00:00,unknown,long,1,1,1,ensemble_b_c_agree,60.0,141.69999999999982
2025-11-30 22:00:00+00:00,long,long,1,1,1,ensemble_b_c_agree,-37.30000000000018,62.399999999999636
2025-12-01 22:00:00+00:00,unknown,long,1,1,1,ensemble_b_c_agree,-18.800000000000182,90.5
2025-12-02 22:00:00+00:00,short,long,1,1,1,ensemble_b_c_agree,1.800000000000182,99.5
2025-12-03 22:00:00+00:00,unknown,long,1,1,1,ensemble_b_c_agree,1.2000000000007276,94.30000000000018
2025-12-04 22:00:00+00:00,unknown,long,1,1,1,ensemble_b_c_agree,81.69999999999982,143.79999999999927
2025-12-05 22:00:00+00:00,unknown,long,1,1,1,ensemble_b_c_agree,99.69999999999982,136.19999999999982
2025-12-07 22:00:00+00:00,unknown,long,1,1,1,ensemble_b_c_agree,109.30000000000018,148.80000000000018
2025-12-08 22:00:00+00:00,unknown,long,1,1,1,ensemble_b_c_agree,97.69999999999982,244.0
2025-12-09 22:00:00+00:00,long,long,1,1,1,ensemble_b_c_agree,93.09999999999945,275.89999999999964
2025-12-10 22:00:00+00:00,long,long,1,1,1,ensemble_b_c_agree,62.099999999999454,196.09999999999945
2025-12-11 22:00:00+00:00,long,long,1,1,1,ensemble_b_c_agree,36.5,235.20000000000073
2025-12-12 22:00:00+00:00,long,long,1,1,1,ensemble_b_c_agree,39.5,21.0
2025-12-14 22:00:00+00:00,long,long,1,1,1,ensemble_b_c_agree,146.30000000000018,18.0
2025-12-15 22:00:00+00:00,unknown,long,1,1,1,ensemble_b_c_agree,182.80000000000018,-0.0999999999994543
2025-12-16 22:00:00+00:00,unknown,long,1,1,1,ensemble_b_c_agree,134.0,-29.5
2025-12-17 22:00:00+00:00,unknown,long,1,1,1,ensemble_b_c_agree,198.70000000000073,95.80000000000018
2025-12-18 22:00:00+00:00,unknown,long,1,1,1,ensemble_b_c_agree,-18.5,137.0
2025-12-21 22:00:00+00:00,long,long,1,1,1,ensemble_b_c_agree,-128.30000000000018,-13.600000000000364
2025-12-22 22:00:00+00:00,long,long,1,1,1,ensemble_b_c_agree,-182.89999999999964,-27.100000000000364
2025-12-23 22:00:00+00:00,unknown,long,1,1,1,ensemble_b_c_agree,-163.5,13.0
2025-12-25 22:00:00+00:00,unknown,long,1,1,1,ensemble_b_c_agree,-102.90000000000055,46.19999999999982
2025-12-28 22:00:00+00:00,unknown,long,1,1,1,ensemble_b_c_agree,155.5,244.19999999999982
2025-12-29 22:00:00+00:00,unknown,long,-1,1,1,ensemble_b_c_agree,114.69999999999982,281.59999999999945
2025-12-30 22:00:00+00:00,unknown,long,-1,1,1,ensemble_b_c_agree,155.79999999999927,288.39999999999964
2026-01-01 22:00:00+00:00,unknown,long,-1,1,1,ensemble_b_c_agree,176.5,259.2000000000007
2026-01-04 22:00:00+00:00,long,long,-1,1,1,ensemble_b_c_agree,149.10000000000036,217.0
2026-01-05 22:00:00+00:00,long,long,1,1,1,ensemble_b_c_agree,88.69999999999982,263.40000000000055
2026-01-06 22:00:00+00:00,unknown,long,1,1,1,ensemble_b_c_agree,166.89999999999964,369.1999999999998
2026-01-07 22:00:00+00:00,unknown,long,1,1,1,ensemble_b_c_agree,132.60000000000036,450.5
2026-01-08 22:00:00+00:00,long,long,1,1,1,ensemble_b_c_agree,82.70000000000073,464.7000000000007
2026-01-11 22:00:00+00:00,long,long,1,1,1,ensemble_b_c_agree,67.89999999999964,72.09999999999945
2026-01-12 22:00:00+00:00,unknown,long,1,1,1,ensemble_b_c_agree,174.70000000000073,376.10000000000036
2026-01-13 22:00:00+00:00,unknown,long,1,1,1,ensemble_b_c_agree,202.30000000000018,352.5
2026-01-14 22:00:00+00:00,unknown,long,1,1,1,ensemble_b_c_agree,317.89999999999964,177.60000000000036
2026-01-15 22:00:00+00:00,short,long,1,1,1,ensemble_b_c_agree,382.0,387.5
2026-01-18 22:00:00+00:00,unknown,long,1,1,1,ensemble_b_c_agree,4.199999999999818,407.5
2026-01-19 22:00:00+00:00,long,long,1,1,1,ensemble_b_c_agree,201.39999999999964,278.7999999999993
2026-01-20 22:00:00+00:00,long,long,1,1,1,ensemble_b_c_agree,150.19999999999982,271.60000000000036
2026-01-21 22:00:00+00:00,long,long,1,1,1,ensemble_b_c_agree,-140.29999999999927,3.0
2026-01-22 22:00:00+00:00,long,long,1,1,1,ensemble_b_c_agree,5.5,80.69999999999982
2026-02-01 22:00:00+00:00,unknown,long,-1,1,1,ensemble_b_c_agree,403.3000000000002,332.2000000000007
2026-02-02 22:00:00+00:00,unknown,long,-1,1,1,ensemble_b_c_agree,77.39999999999964,-74.39999999999964
2026-02-03 22:00:00+00:00,long,long,1,1,1,ensemble_b_c_agree,121.40000000000055,9.700000000000728
2026-02-04 22:00:00+00:00,unknown,long,1,1,1,ensemble_b_c_agree,143.29999999999927,217.39999999999964
2026-02-05 22:00:00+00:00,unknown,long,1,1,1,ensemble_b_c_agree,75.19999999999982,141.39999999999964
2026-02-08 22:00:00+00:00,long,long,1,1,1,ensemble_b_c_agree,-71.09999999999945,163.69999999999982
2026-02-09 22:00:00+00:00,unknown,long,1,1,1,ensemble_b_c_agree,-151.79999999999927,112.60000000000036
2026-02-10 22:00:00+00:00,unknown,long,1,1,1,ensemble_b_c_agree,-111.69999999999982,75.89999999999964
2026-02-11 22:00:00+00:00,unknown,long,1,1,1,ensemble_b_c_agree,74.10000000000036,260.10000000000036
2026-02-12 22:00:00+00:00,unknown,long,1,1,1,ensemble_b_c_agree,66.19999999999982,232.59999999999945
2026-02-15 22:00:00+00:00,unknown,long,1,1,1,ensemble_b_c_agree,234.79999999999927,322.7999999999993
2026-02-16 22:00:00+00:00,short,long,1,1,1,ensemble_b_c_agree,264.39999999999964,444.5
2026-02-17 22:00:00+00:00,unknown,long,1,1,1,ensemble_b_c_agree,187.59999999999945,155.5
2026-02-18 22:00:00+00:00,long,long,1,1,1,ensemble_b_c_agree,186.0,77.80000000000018
2026-02-19 22:00:00+00:00,long,long,1,1,1,ensemble_b_c_agree,166.39999999999964,51.30000000000018
2026-02-22 22:00:00+00:00,long,long,1,1,1,ensemble_b_c_agree,88.0,-101.0
2026-02-23 22:00:00+00:00,unknown,long,1,1,1,ensemble_b_c_agree,180.10000000000036,-149.19999999999982
2026-02-24 22:00:00+00:00,unknown,long,1,1,1,ensemble_b_c_agree,-32.099999999999454,-172.39999999999964
2026-02-25 22:00:00+00:00,long,long,1,1,1,ensemble_b_c_agree,-108.19999999999982,-377.60000000000036
2026-02-26 22:00:00+00:00,long,long,1,1,1,ensemble_b_c_agree,-115.09999999999945,-644.5
2026-03-01 22:00:00+00:00,long,long,1,1,1,ensemble_b_c_agree,-189.0,-843.8999999999996
2026-03-02 22:00:00+00:00,long,long,1,1,1,ensemble_b_c_agree,-329.3000000000002,-930.2000000000007
2026-03-03 22:00:00+00:00,unknown,long,-1,1,1,ensemble_b_c_agree,-140.30000000000018,-676.7000000000007
2026-03-04 22:00:00+00:00,short,long,-1,1,1,ensemble_b_c_agree,-269.40000000000055,-510.0
2026-03-05 22:00:00+00:00,unknown,long,-1,1,1,ensemble_b_c_agree,-529.4000000000005,-691.6000000000004
2026-03-08 22:00:00+00:00,unknown,long,-1,1,1,ensemble_b_c_agree,-654.8999999999996,-606.5
2026-03-15 22:00:00+00:00,short,long,-1,1,1,ensemble_b_c_agree,-600.9000000000005,-311.6999999999998
2026-03-16 22:00:00+00:00,unknown,long,-1,1,1,ensemble_b_c_agree,-536.4000000000005,-226.69999999999982
2026-03-17 22:00:00+00:00,unknown,unknown,-1,0,-1,unknown_partial_signal,-240.59999999999945,-121.19999999999982
2026-03-18 22:00:00+00:00,short,unknown,-1,0,-1,unknown_partial_signal,-162.19999999999982,24.200000000000728
2026-03-19 22:00:00+00:00,short,unknown,-1,0,-1,unknown_partial_signal,48.399999999999636,241.30000000000018
2026-03-22 22:00:00+00:00,short,unknown,-1,0,-1,unknown_partial_signal,289.2000000000007,334.60000000000036
2026-03-23 22:00:00+00:00,unknown,unknown,-1,0,-1,unknown_partial_signal,309.7000000000007,314.5
2026-03-24 22:00:00+00:00,long,unknown,-1,0,-1,unknown_partial_signal,119.39999999999964,187.69999999999982
2026-03-26 22:00:00+00:00,unknown,unknown,-1,0,-1,unknown_partial_signal,186.40000000000055,276.90000000000055
2026-03-29 22:00:00+00:00,unknown,short,-1,-1,-1,ensemble_b_c_agree,192.90000000000055,324.10000000000036
2026-03-30 22:00:00+00:00,long,short,-1,-1,-1,ensemble_b_c_agree,45.399999999999636,114.29999999999927
2026-03-31 22:00:00+00:00,long,short,1,-1,-1,ensemble_b_c_agree,4.799999999999272,26.299999999999272
2026-04-01 22:00:00+00:00,unknown,short,1,-1,-1,ensemble_b_c_agree,68.30000000000018,146.69999999999982
2026-04-05 22:00:00+00:00,short,short,1,-1,-1,ensemble_b_c_agree,90.5,164.89999999999964
2026-04-06 22:00:00+00:00,unknown,short,1,-1,-1,ensemble_b_c_agree,131.19999999999982,5.199999999999818
2026-04-07 22:00:00+00:00,long,short,1,-1,-1,ensemble_b_c_agree,68.89999999999964,13.300000000000182
2026-04-08 22:00:00+00:00,long,short,1,-1,-1,ensemble_b_c_agree,21.5,-80.79999999999927
2026-04-09 22:00:00+00:00,unknown,short,1,-1,-1,ensemble_b_c_agree,78.39999999999964,-45.600000000000364
2026-04-12 22:00:00+00:00,short,short,1,-1,-1,ensemble_b_c_agree,74.39999999999964,
2026-04-13 22:00:00+00:00,unknown,short,1,-1,-1,ensemble_b_c_agree,-126.0,
2026-04-14 22:00:00+00:00,unknown,short,1,-1,-1,ensemble_b_c_agree,-55.599999999999454,
2026-04-15 22:00:00+00:00,short,unknown,1,0,-1,unknown_partial_signal,-102.29999999999927,
2026-04-16 22:00:00+00:00,unknown,unknown,1,0,-1,unknown_partial_signal,-124.0,
2026-04-19 22:00:00+00:00,unknown,unknown,1,0,-1,unknown_partial_signal,,
2026-04-20 22:00:00+00:00,short,unknown,1,0,-1,unknown_partial_signal,,
2026-04-21 22:00:00+00:00,unknown,unknown,1,1,-1,unknown_b_c_disagree,,
2026-04-22 22:00:00+00:00,unknown,unknown,1,1,-1,unknown_b_c_disagree,,
2026-04-23 22:00:00+00:00,unknown,unknown,1,1,-1,unknown_b_c_disagree,,
